image_path,annotation_path
facemask-dataset/images/maksssksksss824.png,facemask-dataset/annotations/maksssksksss824.xml
facemask-dataset/images/maksssksksss44.png,facemask-dataset/annotations/maksssksksss44.xml
facemask-dataset/images/maksssksksss534.png,facemask-dataset/annotations/maksssksksss534.xml
facemask-dataset/images/maksssksksss710.png,facemask-dataset/annotations/maksssksksss710.xml
facemask-dataset/images/maksssksksss804.png,facemask-dataset/annotations/maksssksksss804.xml
facemask-dataset/images/maksssksksss497.png,facemask-dataset/annotations/maksssksksss497.xml
facemask-dataset/images/maksssksksss67.png,facemask-dataset/annotations/maksssksksss67.xml
facemask-dataset/images/maksssksksss294.png,facemask-dataset/annotations/maksssksksss294.xml
facemask-dataset/images/maksssksksss636.png,facemask-dataset/annotations/maksssksksss636.xml
facemask-dataset/images/maksssksksss643.png,facemask-dataset/annotations/maksssksksss643.xml
facemask-dataset/images/maksssksksss46.png,facemask-dataset/annotations/maksssksksss46.xml
facemask-dataset/images/maksssksksss178.png,facemask-dataset/annotations/maksssksksss178.xml
facemask-dataset/images/maksssksksss420.png,facemask-dataset/annotations/maksssksksss420.xml
facemask-dataset/images/maksssksksss316.png,facemask-dataset/annotations/maksssksksss316.xml
facemask-dataset/images/maksssksksss657.png,facemask-dataset/annotations/maksssksksss657.xml
facemask-dataset/images/maksssksksss87.png,facemask-dataset/annotations/maksssksksss87.xml
facemask-dataset/images/maksssksksss205.png,facemask-dataset/annotations/maksssksksss205.xml
facemask-dataset/images/maksssksksss559.png,facemask-dataset/annotations/maksssksksss559.xml
facemask-dataset/images/maksssksksss426.png,facemask-dataset/annotations/maksssksksss426.xml
facemask-dataset/images/maksssksksss317.png,facemask-dataset/annotations/maksssksksss317.xml
facemask-dataset/images/maksssksksss4.png,facemask-dataset/annotations/maksssksksss4.xml
facemask-dataset/images/maksssksksss746.png,facemask-dataset/annotations/maksssksksss746.xml
facemask-dataset/images/maksssksksss36.png,facemask-dataset/annotations/maksssksksss36.xml
facemask-dataset/images/maksssksksss332.png,facemask-dataset/annotations/maksssksksss332.xml
facemask-dataset/images/maksssksksss386.png,facemask-dataset/annotations/maksssksksss386.xml
facemask-dataset/images/maksssksksss101.png,facemask-dataset/annotations/maksssksksss101.xml
facemask-dataset/images/maksssksksss68.png,facemask-dataset/annotations/maksssksksss68.xml
facemask-dataset/images/maksssksksss91.png,facemask-dataset/annotations/maksssksksss91.xml
facemask-dataset/images/maksssksksss545.png,facemask-dataset/annotations/maksssksksss545.xml
facemask-dataset/images/maksssksksss571.png,facemask-dataset/annotations/maksssksksss571.xml
facemask-dataset/images/maksssksksss50.png,facemask-dataset/annotations/maksssksksss50.xml
facemask-dataset/images/maksssksksss490.png,facemask-dataset/annotations/maksssksksss490.xml
facemask-dataset/images/maksssksksss18.png,facemask-dataset/annotations/maksssksksss18.xml
facemask-dataset/images/maksssksksss78.png,facemask-dataset/annotations/maksssksksss78.xml
facemask-dataset/images/maksssksksss69.png,facemask-dataset/annotations/maksssksksss69.xml
facemask-dataset/images/maksssksksss719.png,facemask-dataset/annotations/maksssksksss719.xml
facemask-dataset/images/maksssksksss817.png,facemask-dataset/annotations/maksssksksss817.xml
facemask-dataset/images/maksssksksss723.png,facemask-dataset/annotations/maksssksksss723.xml
facemask-dataset/images/maksssksksss598.png,facemask-dataset/annotations/maksssksksss598.xml
facemask-dataset/images/maksssksksss109.png,facemask-dataset/annotations/maksssksksss109.xml
facemask-dataset/images/maksssksksss557.png,facemask-dataset/annotations/maksssksksss557.xml
facemask-dataset/images/maksssksksss106.png,facemask-dataset/annotations/maksssksksss106.xml
facemask-dataset/images/maksssksksss189.png,facemask-dataset/annotations/maksssksksss189.xml
facemask-dataset/images/maksssksksss476.png,facemask-dataset/annotations/maksssksksss476.xml
facemask-dataset/images/maksssksksss276.png,facemask-dataset/annotations/maksssksksss276.xml
facemask-dataset/images/maksssksksss655.png,facemask-dataset/annotations/maksssksksss655.xml
facemask-dataset/images/maksssksksss689.png,facemask-dataset/annotations/maksssksksss689.xml
facemask-dataset/images/maksssksksss26.png,facemask-dataset/annotations/maksssksksss26.xml
facemask-dataset/images/maksssksksss227.png,facemask-dataset/annotations/maksssksksss227.xml
facemask-dataset/images/maksssksksss445.png,facemask-dataset/annotations/maksssksksss445.xml
facemask-dataset/images/maksssksksss245.png,facemask-dataset/annotations/maksssksksss245.xml
facemask-dataset/images/maksssksksss458.png,facemask-dataset/annotations/maksssksksss458.xml
facemask-dataset/images/maksssksksss600.png,facemask-dataset/annotations/maksssksksss600.xml
facemask-dataset/images/maksssksksss65.png,facemask-dataset/annotations/maksssksksss65.xml
facemask-dataset/images/maksssksksss235.png,facemask-dataset/annotations/maksssksksss235.xml
facemask-dataset/images/maksssksksss595.png,facemask-dataset/annotations/maksssksksss595.xml
facemask-dataset/images/maksssksksss167.png,facemask-dataset/annotations/maksssksksss167.xml
facemask-dataset/images/maksssksksss226.png,facemask-dataset/annotations/maksssksksss226.xml
facemask-dataset/images/maksssksksss777.png,facemask-dataset/annotations/maksssksksss777.xml
facemask-dataset/images/maksssksksss265.png,facemask-dataset/annotations/maksssksksss265.xml
facemask-dataset/images/maksssksksss851.png,facemask-dataset/annotations/maksssksksss851.xml
facemask-dataset/images/maksssksksss828.png,facemask-dataset/annotations/maksssksksss828.xml
facemask-dataset/images/maksssksksss597.png,facemask-dataset/annotations/maksssksksss597.xml
facemask-dataset/images/maksssksksss761.png,facemask-dataset/annotations/maksssksksss761.xml
facemask-dataset/images/maksssksksss169.png,facemask-dataset/annotations/maksssksksss169.xml
facemask-dataset/images/maksssksksss663.png,facemask-dataset/annotations/maksssksksss663.xml
facemask-dataset/images/maksssksksss413.png,facemask-dataset/annotations/maksssksksss413.xml
facemask-dataset/images/maksssksksss807.png,facemask-dataset/annotations/maksssksksss807.xml
facemask-dataset/images/maksssksksss785.png,facemask-dataset/annotations/maksssksksss785.xml
facemask-dataset/images/maksssksksss447.png,facemask-dataset/annotations/maksssksksss447.xml
facemask-dataset/images/maksssksksss661.png,facemask-dataset/annotations/maksssksksss661.xml
facemask-dataset/images/maksssksksss540.png,facemask-dataset/annotations/maksssksksss540.xml
facemask-dataset/images/maksssksksss489.png,facemask-dataset/annotations/maksssksksss489.xml
facemask-dataset/images/maksssksksss369.png,facemask-dataset/annotations/maksssksksss369.xml
facemask-dataset/images/maksssksksss432.png,facemask-dataset/annotations/maksssksksss432.xml
facemask-dataset/images/maksssksksss791.png,facemask-dataset/annotations/maksssksksss791.xml
facemask-dataset/images/maksssksksss709.png,facemask-dataset/annotations/maksssksksss709.xml
facemask-dataset/images/maksssksksss473.png,facemask-dataset/annotations/maksssksksss473.xml
facemask-dataset/images/maksssksksss353.png,facemask-dataset/annotations/maksssksksss353.xml
facemask-dataset/images/maksssksksss621.png,facemask-dataset/annotations/maksssksksss621.xml
facemask-dataset/images/maksssksksss433.png,facemask-dataset/annotations/maksssksksss433.xml
facemask-dataset/images/maksssksksss60.png,facemask-dataset/annotations/maksssksksss60.xml
facemask-dataset/images/maksssksksss769.png,facemask-dataset/annotations/maksssksksss769.xml
facemask-dataset/images/maksssksksss158.png,facemask-dataset/annotations/maksssksksss158.xml
facemask-dataset/images/maksssksksss41.png,facemask-dataset/annotations/maksssksksss41.xml
facemask-dataset/images/maksssksksss411.png,facemask-dataset/annotations/maksssksksss411.xml
facemask-dataset/images/maksssksksss780.png,facemask-dataset/annotations/maksssksksss780.xml
facemask-dataset/images/maksssksksss660.png,facemask-dataset/annotations/maksssksksss660.xml
facemask-dataset/images/maksssksksss795.png,facemask-dataset/annotations/maksssksksss795.xml
facemask-dataset/images/maksssksksss222.png,facemask-dataset/annotations/maksssksksss222.xml
facemask-dataset/images/maksssksksss291.png,facemask-dataset/annotations/maksssksksss291.xml
facemask-dataset/images/maksssksksss720.png,facemask-dataset/annotations/maksssksksss720.xml
facemask-dataset/images/maksssksksss708.png,facemask-dataset/annotations/maksssksksss708.xml
facemask-dataset/images/maksssksksss548.png,facemask-dataset/annotations/maksssksksss548.xml
facemask-dataset/images/maksssksksss697.png,facemask-dataset/annotations/maksssksksss697.xml
facemask-dataset/images/maksssksksss629.png,facemask-dataset/annotations/maksssksksss629.xml
facemask-dataset/images/maksssksksss324.png,facemask-dataset/annotations/maksssksksss324.xml
facemask-dataset/images/maksssksksss601.png,facemask-dataset/annotations/maksssksksss601.xml
facemask-dataset/images/maksssksksss591.png,facemask-dataset/annotations/maksssksksss591.xml
facemask-dataset/images/maksssksksss184.png,facemask-dataset/annotations/maksssksksss184.xml
facemask-dataset/images/maksssksksss737.png,facemask-dataset/annotations/maksssksksss737.xml
facemask-dataset/images/maksssksksss846.png,facemask-dataset/annotations/maksssksksss846.xml
facemask-dataset/images/maksssksksss690.png,facemask-dataset/annotations/maksssksksss690.xml
facemask-dataset/images/maksssksksss484.png,facemask-dataset/annotations/maksssksksss484.xml
facemask-dataset/images/maksssksksss232.png,facemask-dataset/annotations/maksssksksss232.xml
facemask-dataset/images/maksssksksss800.png,facemask-dataset/annotations/maksssksksss800.xml
facemask-dataset/images/maksssksksss375.png,facemask-dataset/annotations/maksssksksss375.xml
facemask-dataset/images/maksssksksss122.png,facemask-dataset/annotations/maksssksksss122.xml
facemask-dataset/images/maksssksksss493.png,facemask-dataset/annotations/maksssksksss493.xml
facemask-dataset/images/maksssksksss829.png,facemask-dataset/annotations/maksssksksss829.xml
facemask-dataset/images/maksssksksss161.png,facemask-dataset/annotations/maksssksksss161.xml
facemask-dataset/images/maksssksksss183.png,facemask-dataset/annotations/maksssksksss183.xml
facemask-dataset/images/maksssksksss108.png,facemask-dataset/annotations/maksssksksss108.xml
facemask-dataset/images/maksssksksss154.png,facemask-dataset/annotations/maksssksksss154.xml
facemask-dataset/images/maksssksksss641.png,facemask-dataset/annotations/maksssksksss641.xml
facemask-dataset/images/maksssksksss480.png,facemask-dataset/annotations/maksssksksss480.xml
facemask-dataset/images/maksssksksss797.png,facemask-dataset/annotations/maksssksksss797.xml
facemask-dataset/images/maksssksksss658.png,facemask-dataset/annotations/maksssksksss658.xml
facemask-dataset/images/maksssksksss581.png,facemask-dataset/annotations/maksssksksss581.xml
facemask-dataset/images/maksssksksss582.png,facemask-dataset/annotations/maksssksksss582.xml
facemask-dataset/images/maksssksksss522.png,facemask-dataset/annotations/maksssksksss522.xml
facemask-dataset/images/maksssksksss704.png,facemask-dataset/annotations/maksssksksss704.xml
facemask-dataset/images/maksssksksss456.png,facemask-dataset/annotations/maksssksksss456.xml
facemask-dataset/images/maksssksksss796.png,facemask-dataset/annotations/maksssksksss796.xml
facemask-dataset/images/maksssksksss131.png,facemask-dataset/annotations/maksssksksss131.xml
facemask-dataset/images/maksssksksss107.png,facemask-dataset/annotations/maksssksksss107.xml
facemask-dataset/images/maksssksksss210.png,facemask-dataset/annotations/maksssksksss210.xml
facemask-dataset/images/maksssksksss354.png,facemask-dataset/annotations/maksssksksss354.xml
facemask-dataset/images/maksssksksss348.png,facemask-dataset/annotations/maksssksksss348.xml
facemask-dataset/images/maksssksksss695.png,facemask-dataset/annotations/maksssksksss695.xml
facemask-dataset/images/maksssksksss730.png,facemask-dataset/annotations/maksssksksss730.xml
facemask-dataset/images/maksssksksss468.png,facemask-dataset/annotations/maksssksksss468.xml
facemask-dataset/images/maksssksksss259.png,facemask-dataset/annotations/maksssksksss259.xml
facemask-dataset/images/maksssksksss547.png,facemask-dataset/annotations/maksssksksss547.xml
facemask-dataset/images/maksssksksss535.png,facemask-dataset/annotations/maksssksksss535.xml
facemask-dataset/images/maksssksksss187.png,facemask-dataset/annotations/maksssksksss187.xml
facemask-dataset/images/maksssksksss781.png,facemask-dataset/annotations/maksssksksss781.xml
facemask-dataset/images/maksssksksss702.png,facemask-dataset/annotations/maksssksksss702.xml
facemask-dataset/images/maksssksksss406.png,facemask-dataset/annotations/maksssksksss406.xml
facemask-dataset/images/maksssksksss515.png,facemask-dataset/annotations/maksssksksss515.xml
facemask-dataset/images/maksssksksss644.png,facemask-dataset/annotations/maksssksksss644.xml
facemask-dataset/images/maksssksksss63.png,facemask-dataset/annotations/maksssksksss63.xml
facemask-dataset/images/maksssksksss30.png,facemask-dataset/annotations/maksssksksss30.xml
facemask-dataset/images/maksssksksss289.png,facemask-dataset/annotations/maksssksksss289.xml
facemask-dataset/images/maksssksksss356.png,facemask-dataset/annotations/maksssksksss356.xml
facemask-dataset/images/maksssksksss466.png,facemask-dataset/annotations/maksssksksss466.xml
facemask-dataset/images/maksssksksss252.png,facemask-dataset/annotations/maksssksksss252.xml
facemask-dataset/images/maksssksksss42.png,facemask-dataset/annotations/maksssksksss42.xml
facemask-dataset/images/maksssksksss145.png,facemask-dataset/annotations/maksssksksss145.xml
facemask-dataset/images/maksssksksss508.png,facemask-dataset/annotations/maksssksksss508.xml
facemask-dataset/images/maksssksksss485.png,facemask-dataset/annotations/maksssksksss485.xml
facemask-dataset/images/maksssksksss220.png,facemask-dataset/annotations/maksssksksss220.xml
facemask-dataset/images/maksssksksss437.png,facemask-dataset/annotations/maksssksksss437.xml
facemask-dataset/images/maksssksksss599.png,facemask-dataset/annotations/maksssksksss599.xml
facemask-dataset/images/maksssksksss141.png,facemask-dataset/annotations/maksssksksss141.xml
facemask-dataset/images/maksssksksss676.png,facemask-dataset/annotations/maksssksksss676.xml
facemask-dataset/images/maksssksksss225.png,facemask-dataset/annotations/maksssksksss225.xml
facemask-dataset/images/maksssksksss610.png,facemask-dataset/annotations/maksssksksss610.xml
facemask-dataset/images/maksssksksss77.png,facemask-dataset/annotations/maksssksksss77.xml
facemask-dataset/images/maksssksksss416.png,facemask-dataset/annotations/maksssksksss416.xml
facemask-dataset/images/maksssksksss113.png,facemask-dataset/annotations/maksssksksss113.xml
facemask-dataset/images/maksssksksss27.png,facemask-dataset/annotations/maksssksksss27.xml
facemask-dataset/images/maksssksksss344.png,facemask-dataset/annotations/maksssksksss344.xml
facemask-dataset/images/maksssksksss45.png,facemask-dataset/annotations/maksssksksss45.xml
facemask-dataset/images/maksssksksss836.png,facemask-dataset/annotations/maksssksksss836.xml
facemask-dataset/images/maksssksksss401.png,facemask-dataset/annotations/maksssksksss401.xml
facemask-dataset/images/maksssksksss691.png,facemask-dataset/annotations/maksssksksss691.xml
facemask-dataset/images/maksssksksss212.png,facemask-dataset/annotations/maksssksksss212.xml
facemask-dataset/images/maksssksksss138.png,facemask-dataset/annotations/maksssksksss138.xml
facemask-dataset/images/maksssksksss110.png,facemask-dataset/annotations/maksssksksss110.xml
facemask-dataset/images/maksssksksss837.png,facemask-dataset/annotations/maksssksksss837.xml
facemask-dataset/images/maksssksksss256.png,facemask-dataset/annotations/maksssksksss256.xml
facemask-dataset/images/maksssksksss818.png,facemask-dataset/annotations/maksssksksss818.xml
facemask-dataset/images/maksssksksss512.png,facemask-dataset/annotations/maksssksksss512.xml
facemask-dataset/images/maksssksksss200.png,facemask-dataset/annotations/maksssksksss200.xml
facemask-dataset/images/maksssksksss633.png,facemask-dataset/annotations/maksssksksss633.xml
facemask-dataset/images/maksssksksss576.png,facemask-dataset/annotations/maksssksksss576.xml
facemask-dataset/images/maksssksksss427.png,facemask-dataset/annotations/maksssksksss427.xml
facemask-dataset/images/maksssksksss136.png,facemask-dataset/annotations/maksssksksss136.xml
facemask-dataset/images/maksssksksss224.png,facemask-dataset/annotations/maksssksksss224.xml
facemask-dataset/images/maksssksksss460.png,facemask-dataset/annotations/maksssksksss460.xml
facemask-dataset/images/maksssksksss803.png,facemask-dataset/annotations/maksssksksss803.xml
facemask-dataset/images/maksssksksss498.png,facemask-dataset/annotations/maksssksksss498.xml
facemask-dataset/images/maksssksksss692.png,facemask-dataset/annotations/maksssksksss692.xml
facemask-dataset/images/maksssksksss59.png,facemask-dataset/annotations/maksssksksss59.xml
facemask-dataset/images/maksssksksss197.png,facemask-dataset/annotations/maksssksksss197.xml
facemask-dataset/images/maksssksksss786.png,facemask-dataset/annotations/maksssksksss786.xml
facemask-dataset/images/maksssksksss802.png,facemask-dataset/annotations/maksssksksss802.xml
facemask-dataset/images/maksssksksss630.png,facemask-dataset/annotations/maksssksksss630.xml
facemask-dataset/images/maksssksksss318.png,facemask-dataset/annotations/maksssksksss318.xml
facemask-dataset/images/maksssksksss323.png,facemask-dataset/annotations/maksssksksss323.xml
facemask-dataset/images/maksssksksss680.png,facemask-dataset/annotations/maksssksksss680.xml
facemask-dataset/images/maksssksksss584.png,facemask-dataset/annotations/maksssksksss584.xml
facemask-dataset/images/maksssksksss301.png,facemask-dataset/annotations/maksssksksss301.xml
facemask-dataset/images/maksssksksss722.png,facemask-dataset/annotations/maksssksksss722.xml
facemask-dataset/images/maksssksksss315.png,facemask-dataset/annotations/maksssksksss315.xml
facemask-dataset/images/maksssksksss378.png,facemask-dataset/annotations/maksssksksss378.xml
facemask-dataset/images/maksssksksss494.png,facemask-dataset/annotations/maksssksksss494.xml
facemask-dataset/images/maksssksksss757.png,facemask-dataset/annotations/maksssksksss757.xml
facemask-dataset/images/maksssksksss218.png,facemask-dataset/annotations/maksssksksss218.xml
facemask-dataset/images/maksssksksss295.png,facemask-dataset/annotations/maksssksksss295.xml
facemask-dataset/images/maksssksksss814.png,facemask-dataset/annotations/maksssksksss814.xml
facemask-dataset/images/maksssksksss195.png,facemask-dataset/annotations/maksssksksss195.xml
facemask-dataset/images/maksssksksss686.png,facemask-dataset/annotations/maksssksksss686.xml
facemask-dataset/images/maksssksksss775.png,facemask-dataset/annotations/maksssksksss775.xml
facemask-dataset/images/maksssksksss574.png,facemask-dataset/annotations/maksssksksss574.xml
facemask-dataset/images/maksssksksss261.png,facemask-dataset/annotations/maksssksksss261.xml
facemask-dataset/images/maksssksksss653.png,facemask-dataset/annotations/maksssksksss653.xml
facemask-dataset/images/maksssksksss88.png,facemask-dataset/annotations/maksssksksss88.xml
facemask-dataset/images/maksssksksss215.png,facemask-dataset/annotations/maksssksksss215.xml
facemask-dataset/images/maksssksksss12.png,facemask-dataset/annotations/maksssksksss12.xml
facemask-dataset/images/maksssksksss461.png,facemask-dataset/annotations/maksssksksss461.xml
facemask-dataset/images/maksssksksss309.png,facemask-dataset/annotations/maksssksksss309.xml
facemask-dataset/images/maksssksksss82.png,facemask-dataset/annotations/maksssksksss82.xml
facemask-dataset/images/maksssksksss181.png,facemask-dataset/annotations/maksssksksss181.xml
facemask-dataset/images/maksssksksss312.png,facemask-dataset/annotations/maksssksksss312.xml
facemask-dataset/images/maksssksksss422.png,facemask-dataset/annotations/maksssksksss422.xml
facemask-dataset/images/maksssksksss677.png,facemask-dataset/annotations/maksssksksss677.xml
facemask-dataset/images/maksssksksss670.png,facemask-dataset/annotations/maksssksksss670.xml
facemask-dataset/images/maksssksksss499.png,facemask-dataset/annotations/maksssksksss499.xml
facemask-dataset/images/maksssksksss352.png,facemask-dataset/annotations/maksssksksss352.xml
facemask-dataset/images/maksssksksss502.png,facemask-dataset/annotations/maksssksksss502.xml
facemask-dataset/images/maksssksksss674.png,facemask-dataset/annotations/maksssksksss674.xml
facemask-dataset/images/maksssksksss213.png,facemask-dataset/annotations/maksssksksss213.xml
facemask-dataset/images/maksssksksss290.png,facemask-dataset/annotations/maksssksksss290.xml
facemask-dataset/images/maksssksksss606.png,facemask-dataset/annotations/maksssksksss606.xml
facemask-dataset/images/maksssksksss506.png,facemask-dataset/annotations/maksssksksss506.xml
facemask-dataset/images/maksssksksss712.png,facemask-dataset/annotations/maksssksksss712.xml
facemask-dataset/images/maksssksksss322.png,facemask-dataset/annotations/maksssksksss322.xml
facemask-dataset/images/maksssksksss434.png,facemask-dataset/annotations/maksssksksss434.xml
facemask-dataset/images/maksssksksss738.png,facemask-dataset/annotations/maksssksksss738.xml
facemask-dataset/images/maksssksksss465.png,facemask-dataset/annotations/maksssksksss465.xml
facemask-dataset/images/maksssksksss3.png,facemask-dataset/annotations/maksssksksss3.xml
facemask-dataset/images/maksssksksss393.png,facemask-dataset/annotations/maksssksksss393.xml
facemask-dataset/images/maksssksksss805.png,facemask-dataset/annotations/maksssksksss805.xml
facemask-dataset/images/maksssksksss362.png,facemask-dataset/annotations/maksssksksss362.xml
facemask-dataset/images/maksssksksss249.png,facemask-dataset/annotations/maksssksksss249.xml
facemask-dataset/images/maksssksksss179.png,facemask-dataset/annotations/maksssksksss179.xml
facemask-dataset/images/maksssksksss371.png,facemask-dataset/annotations/maksssksksss371.xml
facemask-dataset/images/maksssksksss596.png,facemask-dataset/annotations/maksssksksss596.xml
facemask-dataset/images/maksssksksss83.png,facemask-dataset/annotations/maksssksksss83.xml
facemask-dataset/images/maksssksksss495.png,facemask-dataset/annotations/maksssksksss495.xml
facemask-dataset/images/maksssksksss221.png,facemask-dataset/annotations/maksssksksss221.xml
facemask-dataset/images/maksssksksss585.png,facemask-dataset/annotations/maksssksksss585.xml
facemask-dataset/images/maksssksksss752.png,facemask-dataset/annotations/maksssksksss752.xml
facemask-dataset/images/maksssksksss669.png,facemask-dataset/annotations/maksssksksss669.xml
facemask-dataset/images/maksssksksss792.png,facemask-dataset/annotations/maksssksksss792.xml
facemask-dataset/images/maksssksksss92.png,facemask-dataset/annotations/maksssksksss92.xml
facemask-dataset/images/maksssksksss34.png,facemask-dataset/annotations/maksssksksss34.xml
facemask-dataset/images/maksssksksss648.png,facemask-dataset/annotations/maksssksksss648.xml
facemask-dataset/images/maksssksksss763.png,facemask-dataset/annotations/maksssksksss763.xml
facemask-dataset/images/maksssksksss150.png,facemask-dataset/annotations/maksssksksss150.xml
facemask-dataset/images/maksssksksss89.png,facemask-dataset/annotations/maksssksksss89.xml
facemask-dataset/images/maksssksksss843.png,facemask-dataset/annotations/maksssksksss843.xml
facemask-dataset/images/maksssksksss357.png,facemask-dataset/annotations/maksssksksss357.xml
facemask-dataset/images/maksssksksss414.png,facemask-dataset/annotations/maksssksksss414.xml
facemask-dataset/images/maksssksksss813.png,facemask-dataset/annotations/maksssksksss813.xml
facemask-dataset/images/maksssksksss281.png,facemask-dataset/annotations/maksssksksss281.xml
facemask-dataset/images/maksssksksss240.png,facemask-dataset/annotations/maksssksksss240.xml
facemask-dataset/images/maksssksksss233.png,facemask-dataset/annotations/maksssksksss233.xml
facemask-dataset/images/maksssksksss628.png,facemask-dataset/annotations/maksssksksss628.xml
facemask-dataset/images/maksssksksss579.png,facemask-dataset/annotations/maksssksksss579.xml
facemask-dataset/images/maksssksksss211.png,facemask-dataset/annotations/maksssksksss211.xml
facemask-dataset/images/maksssksksss616.png,facemask-dataset/annotations/maksssksksss616.xml
facemask-dataset/images/maksssksksss831.png,facemask-dataset/annotations/maksssksksss831.xml
facemask-dataset/images/maksssksksss683.png,facemask-dataset/annotations/maksssksksss683.xml
facemask-dataset/images/maksssksksss462.png,facemask-dataset/annotations/maksssksksss462.xml
facemask-dataset/images/maksssksksss423.png,facemask-dataset/annotations/maksssksksss423.xml
facemask-dataset/images/maksssksksss714.png,facemask-dataset/annotations/maksssksksss714.xml
facemask-dataset/images/maksssksksss735.png,facemask-dataset/annotations/maksssksksss735.xml
facemask-dataset/images/maksssksksss9.png,facemask-dataset/annotations/maksssksksss9.xml
facemask-dataset/images/maksssksksss242.png,facemask-dataset/annotations/maksssksksss242.xml
facemask-dataset/images/maksssksksss436.png,facemask-dataset/annotations/maksssksksss436.xml
facemask-dataset/images/maksssksksss700.png,facemask-dataset/annotations/maksssksksss700.xml
facemask-dataset/images/maksssksksss62.png,facemask-dataset/annotations/maksssksksss62.xml
facemask-dataset/images/maksssksksss615.png,facemask-dataset/annotations/maksssksksss615.xml
facemask-dataset/images/maksssksksss566.png,facemask-dataset/annotations/maksssksksss566.xml
facemask-dataset/images/maksssksksss687.png,facemask-dataset/annotations/maksssksksss687.xml
facemask-dataset/images/maksssksksss209.png,facemask-dataset/annotations/maksssksksss209.xml
facemask-dataset/images/maksssksksss308.png,facemask-dataset/annotations/maksssksksss308.xml
facemask-dataset/images/maksssksksss832.png,facemask-dataset/annotations/maksssksksss832.xml
facemask-dataset/images/maksssksksss398.png,facemask-dataset/annotations/maksssksksss398.xml
facemask-dataset/images/maksssksksss204.png,facemask-dataset/annotations/maksssksksss204.xml
facemask-dataset/images/maksssksksss740.png,facemask-dataset/annotations/maksssksksss740.xml
facemask-dataset/images/maksssksksss361.png,facemask-dataset/annotations/maksssksksss361.xml
facemask-dataset/images/maksssksksss360.png,facemask-dataset/annotations/maksssksksss360.xml
facemask-dataset/images/maksssksksss429.png,facemask-dataset/annotations/maksssksksss429.xml
facemask-dataset/images/maksssksksss51.png,facemask-dataset/annotations/maksssksksss51.xml
facemask-dataset/images/maksssksksss331.png,facemask-dataset/annotations/maksssksksss331.xml
facemask-dataset/images/maksssksksss16.png,facemask-dataset/annotations/maksssksksss16.xml
facemask-dataset/images/maksssksksss241.png,facemask-dataset/annotations/maksssksksss241.xml
facemask-dataset/images/maksssksksss486.png,facemask-dataset/annotations/maksssksksss486.xml
facemask-dataset/images/maksssksksss73.png,facemask-dataset/annotations/maksssksksss73.xml
facemask-dataset/images/maksssksksss790.png,facemask-dataset/annotations/maksssksksss790.xml
facemask-dataset/images/maksssksksss793.png,facemask-dataset/annotations/maksssksksss793.xml
facemask-dataset/images/maksssksksss94.png,facemask-dataset/annotations/maksssksksss94.xml
facemask-dataset/images/maksssksksss264.png,facemask-dataset/annotations/maksssksksss264.xml
facemask-dataset/images/maksssksksss325.png,facemask-dataset/annotations/maksssksksss325.xml
facemask-dataset/images/maksssksksss620.png,facemask-dataset/annotations/maksssksksss620.xml
facemask-dataset/images/maksssksksss839.png,facemask-dataset/annotations/maksssksksss839.xml
facemask-dataset/images/maksssksksss61.png,facemask-dataset/annotations/maksssksksss61.xml
facemask-dataset/images/maksssksksss56.png,facemask-dataset/annotations/maksssksksss56.xml
facemask-dataset/images/maksssksksss511.png,facemask-dataset/annotations/maksssksksss511.xml
facemask-dataset/images/maksssksksss578.png,facemask-dataset/annotations/maksssksksss578.xml
facemask-dataset/images/maksssksksss70.png,facemask-dataset/annotations/maksssksksss70.xml
facemask-dataset/images/maksssksksss272.png,facemask-dataset/annotations/maksssksksss272.xml
facemask-dataset/images/maksssksksss257.png,facemask-dataset/annotations/maksssksksss257.xml
facemask-dataset/images/maksssksksss277.png,facemask-dataset/annotations/maksssksksss277.xml
facemask-dataset/images/maksssksksss478.png,facemask-dataset/annotations/maksssksksss478.xml
facemask-dataset/images/maksssksksss52.png,facemask-dataset/annotations/maksssksksss52.xml
facemask-dataset/images/maksssksksss500.png,facemask-dataset/annotations/maksssksksss500.xml
facemask-dataset/images/maksssksksss404.png,facemask-dataset/annotations/maksssksksss404.xml
facemask-dataset/images/maksssksksss175.png,facemask-dataset/annotations/maksssksksss175.xml
facemask-dataset/images/maksssksksss310.png,facemask-dataset/annotations/maksssksksss310.xml
facemask-dataset/images/maksssksksss22.png,facemask-dataset/annotations/maksssksksss22.xml
facemask-dataset/images/maksssksksss517.png,facemask-dataset/annotations/maksssksksss517.xml
facemask-dataset/images/maksssksksss685.png,facemask-dataset/annotations/maksssksksss685.xml
facemask-dataset/images/maksssksksss336.png,facemask-dataset/annotations/maksssksksss336.xml
facemask-dataset/images/maksssksksss118.png,facemask-dataset/annotations/maksssksksss118.xml
facemask-dataset/images/maksssksksss525.png,facemask-dataset/annotations/maksssksksss525.xml
facemask-dataset/images/maksssksksss19.png,facemask-dataset/annotations/maksssksksss19.xml
facemask-dataset/images/maksssksksss553.png,facemask-dataset/annotations/maksssksksss553.xml
facemask-dataset/images/maksssksksss580.png,facemask-dataset/annotations/maksssksksss580.xml
facemask-dataset/images/maksssksksss345.png,facemask-dataset/annotations/maksssksksss345.xml
facemask-dataset/images/maksssksksss153.png,facemask-dataset/annotations/maksssksksss153.xml
facemask-dataset/images/maksssksksss455.png,facemask-dataset/annotations/maksssksksss455.xml
facemask-dataset/images/maksssksksss760.png,facemask-dataset/annotations/maksssksksss760.xml
facemask-dataset/images/maksssksksss35.png,facemask-dataset/annotations/maksssksksss35.xml
facemask-dataset/images/maksssksksss300.png,facemask-dataset/annotations/maksssksksss300.xml
facemask-dataset/images/maksssksksss567.png,facemask-dataset/annotations/maksssksksss567.xml
facemask-dataset/images/maksssksksss609.png,facemask-dataset/annotations/maksssksksss609.xml
facemask-dataset/images/maksssksksss543.png,facemask-dataset/annotations/maksssksksss543.xml
facemask-dataset/images/maksssksksss575.png,facemask-dataset/annotations/maksssksksss575.xml
facemask-dataset/images/maksssksksss365.png,facemask-dataset/annotations/maksssksksss365.xml
facemask-dataset/images/maksssksksss773.png,facemask-dataset/annotations/maksssksksss773.xml
facemask-dataset/images/maksssksksss524.png,facemask-dataset/annotations/maksssksksss524.xml
facemask-dataset/images/maksssksksss143.png,facemask-dataset/annotations/maksssksksss143.xml
facemask-dataset/images/maksssksksss31.png,facemask-dataset/annotations/maksssksksss31.xml
facemask-dataset/images/maksssksksss97.png,facemask-dataset/annotations/maksssksksss97.xml
facemask-dataset/images/maksssksksss541.png,facemask-dataset/annotations/maksssksksss541.xml
facemask-dataset/images/maksssksksss173.png,facemask-dataset/annotations/maksssksksss173.xml
facemask-dataset/images/maksssksksss105.png,facemask-dataset/annotations/maksssksksss105.xml
facemask-dataset/images/maksssksksss520.png,facemask-dataset/annotations/maksssksksss520.xml
facemask-dataset/images/maksssksksss206.png,facemask-dataset/annotations/maksssksksss206.xml
facemask-dataset/images/maksssksksss844.png,facemask-dataset/annotations/maksssksksss844.xml
facemask-dataset/images/maksssksksss561.png,facemask-dataset/annotations/maksssksksss561.xml
facemask-dataset/images/maksssksksss617.png,facemask-dataset/annotations/maksssksksss617.xml
facemask-dataset/images/maksssksksss346.png,facemask-dataset/annotations/maksssksksss346.xml
facemask-dataset/images/maksssksksss509.png,facemask-dataset/annotations/maksssksksss509.xml
facemask-dataset/images/maksssksksss823.png,facemask-dataset/annotations/maksssksksss823.xml
facemask-dataset/images/maksssksksss271.png,facemask-dataset/annotations/maksssksksss271.xml
facemask-dataset/images/maksssksksss811.png,facemask-dataset/annotations/maksssksksss811.xml
facemask-dataset/images/maksssksksss488.png,facemask-dataset/annotations/maksssksksss488.xml
facemask-dataset/images/maksssksksss379.png,facemask-dataset/annotations/maksssksksss379.xml
facemask-dataset/images/maksssksksss95.png,facemask-dataset/annotations/maksssksksss95.xml
facemask-dataset/images/maksssksksss673.png,facemask-dataset/annotations/maksssksksss673.xml
facemask-dataset/images/maksssksksss635.png,facemask-dataset/annotations/maksssksksss635.xml
facemask-dataset/images/maksssksksss743.png,facemask-dataset/annotations/maksssksksss743.xml
facemask-dataset/images/maksssksksss688.png,facemask-dataset/annotations/maksssksksss688.xml
facemask-dataset/images/maksssksksss79.png,facemask-dataset/annotations/maksssksksss79.xml
facemask-dataset/images/maksssksksss418.png,facemask-dataset/annotations/maksssksksss418.xml
facemask-dataset/images/maksssksksss342.png,facemask-dataset/annotations/maksssksksss342.xml
facemask-dataset/images/maksssksksss396.png,facemask-dataset/annotations/maksssksksss396.xml
facemask-dataset/images/maksssksksss623.png,facemask-dataset/annotations/maksssksksss623.xml
facemask-dataset/images/maksssksksss605.png,facemask-dataset/annotations/maksssksksss605.xml
facemask-dataset/images/maksssksksss186.png,facemask-dataset/annotations/maksssksksss186.xml
facemask-dataset/images/maksssksksss428.png,facemask-dataset/annotations/maksssksksss428.xml
facemask-dataset/images/maksssksksss305.png,facemask-dataset/annotations/maksssksksss305.xml
facemask-dataset/images/maksssksksss627.png,facemask-dataset/annotations/maksssksksss627.xml
facemask-dataset/images/maksssksksss333.png,facemask-dataset/annotations/maksssksksss333.xml
facemask-dataset/images/maksssksksss267.png,facemask-dataset/annotations/maksssksksss267.xml
facemask-dataset/images/maksssksksss840.png,facemask-dataset/annotations/maksssksksss840.xml
facemask-dataset/images/maksssksksss632.png,facemask-dataset/annotations/maksssksksss632.xml
facemask-dataset/images/maksssksksss180.png,facemask-dataset/annotations/maksssksksss180.xml
facemask-dataset/images/maksssksksss812.png,facemask-dataset/annotations/maksssksksss812.xml
facemask-dataset/images/maksssksksss415.png,facemask-dataset/annotations/maksssksksss415.xml
facemask-dataset/images/maksssksksss8.png,facemask-dataset/annotations/maksssksksss8.xml
facemask-dataset/images/maksssksksss112.png,facemask-dataset/annotations/maksssksksss112.xml
facemask-dataset/images/maksssksksss651.png,facemask-dataset/annotations/maksssksksss651.xml
facemask-dataset/images/maksssksksss163.png,facemask-dataset/annotations/maksssksksss163.xml
facemask-dataset/images/maksssksksss381.png,facemask-dataset/annotations/maksssksksss381.xml
facemask-dataset/images/maksssksksss667.png,facemask-dataset/annotations/maksssksksss667.xml
facemask-dataset/images/maksssksksss608.png,facemask-dataset/annotations/maksssksksss608.xml
facemask-dataset/images/maksssksksss201.png,facemask-dataset/annotations/maksssksksss201.xml
facemask-dataset/images/maksssksksss142.png,facemask-dataset/annotations/maksssksksss142.xml
facemask-dataset/images/maksssksksss298.png,facemask-dataset/annotations/maksssksksss298.xml
facemask-dataset/images/maksssksksss749.png,facemask-dataset/annotations/maksssksksss749.xml
facemask-dataset/images/maksssksksss766.png,facemask-dataset/annotations/maksssksksss766.xml
facemask-dataset/images/maksssksksss269.png,facemask-dataset/annotations/maksssksksss269.xml
facemask-dataset/images/maksssksksss321.png,facemask-dataset/annotations/maksssksksss321.xml
facemask-dataset/images/maksssksksss469.png,facemask-dataset/annotations/maksssksksss469.xml
facemask-dataset/images/maksssksksss40.png,facemask-dataset/annotations/maksssksksss40.xml
facemask-dataset/images/maksssksksss848.png,facemask-dataset/annotations/maksssksksss848.xml
facemask-dataset/images/maksssksksss440.png,facemask-dataset/annotations/maksssksksss440.xml
facemask-dataset/images/maksssksksss526.png,facemask-dataset/annotations/maksssksksss526.xml
facemask-dataset/images/maksssksksss544.png,facemask-dataset/annotations/maksssksksss544.xml
facemask-dataset/images/maksssksksss230.png,facemask-dataset/annotations/maksssksksss230.xml
facemask-dataset/images/maksssksksss625.png,facemask-dataset/annotations/maksssksksss625.xml
facemask-dataset/images/maksssksksss741.png,facemask-dataset/annotations/maksssksksss741.xml
facemask-dataset/images/maksssksksss410.png,facemask-dataset/annotations/maksssksksss410.xml
facemask-dataset/images/maksssksksss664.png,facemask-dataset/annotations/maksssksksss664.xml
facemask-dataset/images/maksssksksss216.png,facemask-dataset/annotations/maksssksksss216.xml
facemask-dataset/images/maksssksksss335.png,facemask-dataset/annotations/maksssksksss335.xml
facemask-dataset/images/maksssksksss705.png,facemask-dataset/annotations/maksssksksss705.xml
facemask-dataset/images/maksssksksss270.png,facemask-dataset/annotations/maksssksksss270.xml
facemask-dataset/images/maksssksksss518.png,facemask-dataset/annotations/maksssksksss518.xml
facemask-dataset/images/maksssksksss338.png,facemask-dataset/annotations/maksssksksss338.xml
facemask-dataset/images/maksssksksss784.png,facemask-dataset/annotations/maksssksksss784.xml
facemask-dataset/images/maksssksksss693.png,facemask-dataset/annotations/maksssksksss693.xml
facemask-dataset/images/maksssksksss454.png,facemask-dataset/annotations/maksssksksss454.xml
facemask-dataset/images/maksssksksss387.png,facemask-dataset/annotations/maksssksksss387.xml
facemask-dataset/images/maksssksksss84.png,facemask-dataset/annotations/maksssksksss84.xml
facemask-dataset/images/maksssksksss583.png,facemask-dataset/annotations/maksssksksss583.xml
facemask-dataset/images/maksssksksss841.png,facemask-dataset/annotations/maksssksksss841.xml
facemask-dataset/images/maksssksksss442.png,facemask-dataset/annotations/maksssksksss442.xml
facemask-dataset/images/maksssksksss359.png,facemask-dataset/annotations/maksssksksss359.xml
facemask-dataset/images/maksssksksss148.png,facemask-dataset/annotations/maksssksksss148.xml
facemask-dataset/images/maksssksksss419.png,facemask-dataset/annotations/maksssksksss419.xml
facemask-dataset/images/maksssksksss787.png,facemask-dataset/annotations/maksssksksss787.xml
facemask-dataset/images/maksssksksss588.png,facemask-dataset/annotations/maksssksksss588.xml
facemask-dataset/images/maksssksksss570.png,facemask-dataset/annotations/maksssksksss570.xml
facemask-dataset/images/maksssksksss546.png,facemask-dataset/annotations/maksssksksss546.xml
facemask-dataset/images/maksssksksss631.png,facemask-dataset/annotations/maksssksksss631.xml
facemask-dataset/images/maksssksksss408.png,facemask-dataset/annotations/maksssksksss408.xml
facemask-dataset/images/maksssksksss283.png,facemask-dataset/annotations/maksssksksss283.xml
facemask-dataset/images/maksssksksss417.png,facemask-dataset/annotations/maksssksksss417.xml
facemask-dataset/images/maksssksksss487.png,facemask-dataset/annotations/maksssksksss487.xml
facemask-dataset/images/maksssksksss282.png,facemask-dataset/annotations/maksssksksss282.xml
facemask-dataset/images/maksssksksss341.png,facemask-dataset/annotations/maksssksksss341.xml
facemask-dataset/images/maksssksksss199.png,facemask-dataset/annotations/maksssksksss199.xml
facemask-dataset/images/maksssksksss552.png,facemask-dataset/annotations/maksssksksss552.xml
facemask-dataset/images/maksssksksss614.png,facemask-dataset/annotations/maksssksksss614.xml
facemask-dataset/images/maksssksksss838.png,facemask-dataset/annotations/maksssksksss838.xml
facemask-dataset/images/maksssksksss431.png,facemask-dataset/annotations/maksssksksss431.xml
facemask-dataset/images/maksssksksss479.png,facemask-dataset/annotations/maksssksksss479.xml
facemask-dataset/images/maksssksksss111.png,facemask-dataset/annotations/maksssksksss111.xml
facemask-dataset/images/maksssksksss243.png,facemask-dataset/annotations/maksssksksss243.xml
facemask-dataset/images/maksssksksss54.png,facemask-dataset/annotations/maksssksksss54.xml
facemask-dataset/images/maksssksksss650.png,facemask-dataset/annotations/maksssksksss650.xml
facemask-dataset/images/maksssksksss156.png,facemask-dataset/annotations/maksssksksss156.xml
facemask-dataset/images/maksssksksss572.png,facemask-dataset/annotations/maksssksksss572.xml
facemask-dataset/images/maksssksksss160.png,facemask-dataset/annotations/maksssksksss160.xml
facemask-dataset/images/maksssksksss825.png,facemask-dataset/annotations/maksssksksss825.xml
facemask-dataset/images/maksssksksss208.png,facemask-dataset/annotations/maksssksksss208.xml
facemask-dataset/images/maksssksksss400.png,facemask-dataset/annotations/maksssksksss400.xml
facemask-dataset/images/maksssksksss140.png,facemask-dataset/annotations/maksssksksss140.xml
facemask-dataset/images/maksssksksss549.png,facemask-dataset/annotations/maksssksksss549.xml
facemask-dataset/images/maksssksksss364.png,facemask-dataset/annotations/maksssksksss364.xml
facemask-dataset/images/maksssksksss247.png,facemask-dataset/annotations/maksssksksss247.xml
facemask-dataset/images/maksssksksss819.png,facemask-dataset/annotations/maksssksksss819.xml
facemask-dataset/images/maksssksksss471.png,facemask-dataset/annotations/maksssksksss471.xml
facemask-dataset/images/maksssksksss120.png,facemask-dataset/annotations/maksssksksss120.xml
facemask-dataset/images/maksssksksss523.png,facemask-dataset/annotations/maksssksksss523.xml
facemask-dataset/images/maksssksksss765.png,facemask-dataset/annotations/maksssksksss765.xml
facemask-dataset/images/maksssksksss611.png,facemask-dataset/annotations/maksssksksss611.xml
facemask-dataset/images/maksssksksss10.png,facemask-dataset/annotations/maksssksksss10.xml
facemask-dataset/images/maksssksksss196.png,facemask-dataset/annotations/maksssksksss196.xml
facemask-dataset/images/maksssksksss340.png,facemask-dataset/annotations/maksssksksss340.xml
facemask-dataset/images/maksssksksss425.png,facemask-dataset/annotations/maksssksksss425.xml
facemask-dataset/images/maksssksksss734.png,facemask-dataset/annotations/maksssksksss734.xml
facemask-dataset/images/maksssksksss788.png,facemask-dataset/annotations/maksssksksss788.xml
facemask-dataset/images/maksssksksss129.png,facemask-dataset/annotations/maksssksksss129.xml
facemask-dataset/images/maksssksksss328.png,facemask-dataset/annotations/maksssksksss328.xml
facemask-dataset/images/maksssksksss703.png,facemask-dataset/annotations/maksssksksss703.xml
facemask-dataset/images/maksssksksss250.png,facemask-dataset/annotations/maksssksksss250.xml
facemask-dataset/images/maksssksksss452.png,facemask-dataset/annotations/maksssksksss452.xml
facemask-dataset/images/maksssksksss726.png,facemask-dataset/annotations/maksssksksss726.xml
facemask-dataset/images/maksssksksss127.png,facemask-dataset/annotations/maksssksksss127.xml
facemask-dataset/images/maksssksksss32.png,facemask-dataset/annotations/maksssksksss32.xml
facemask-dataset/images/maksssksksss645.png,facemask-dataset/annotations/maksssksksss645.xml
facemask-dataset/images/maksssksksss363.png,facemask-dataset/annotations/maksssksksss363.xml
facemask-dataset/images/maksssksksss133.png,facemask-dataset/annotations/maksssksksss133.xml
facemask-dataset/images/maksssksksss789.png,facemask-dataset/annotations/maksssksksss789.xml
facemask-dataset/images/maksssksksss93.png,facemask-dataset/annotations/maksssksksss93.xml
facemask-dataset/images/maksssksksss74.png,facemask-dataset/annotations/maksssksksss74.xml
facemask-dataset/images/maksssksksss43.png,facemask-dataset/annotations/maksssksksss43.xml
facemask-dataset/images/maksssksksss125.png,facemask-dataset/annotations/maksssksksss125.xml
facemask-dataset/images/maksssksksss382.png,facemask-dataset/annotations/maksssksksss382.xml
facemask-dataset/images/maksssksksss798.png,facemask-dataset/annotations/maksssksksss798.xml
facemask-dataset/images/maksssksksss424.png,facemask-dataset/annotations/maksssksksss424.xml
facemask-dataset/images/maksssksksss637.png,facemask-dataset/annotations/maksssksksss637.xml
facemask-dataset/images/maksssksksss214.png,facemask-dataset/annotations/maksssksksss214.xml
facemask-dataset/images/maksssksksss29.png,facemask-dataset/annotations/maksssksksss29.xml
facemask-dataset/images/maksssksksss182.png,facemask-dataset/annotations/maksssksksss182.xml
facemask-dataset/images/maksssksksss477.png,facemask-dataset/annotations/maksssksksss477.xml
facemask-dataset/images/maksssksksss444.png,facemask-dataset/annotations/maksssksksss444.xml
facemask-dataset/images/maksssksksss563.png,facemask-dataset/annotations/maksssksksss563.xml
facemask-dataset/images/maksssksksss527.png,facemask-dataset/annotations/maksssksksss527.xml
facemask-dataset/images/maksssksksss207.png,facemask-dataset/annotations/maksssksksss207.xml
facemask-dataset/images/maksssksksss299.png,facemask-dataset/annotations/maksssksksss299.xml
facemask-dataset/images/maksssksksss391.png,facemask-dataset/annotations/maksssksksss391.xml
facemask-dataset/images/maksssksksss475.png,facemask-dataset/annotations/maksssksksss475.xml
facemask-dataset/images/maksssksksss135.png,facemask-dataset/annotations/maksssksksss135.xml
facemask-dataset/images/maksssksksss569.png,facemask-dataset/annotations/maksssksksss569.xml
facemask-dataset/images/maksssksksss729.png,facemask-dataset/annotations/maksssksksss729.xml
facemask-dataset/images/maksssksksss513.png,facemask-dataset/annotations/maksssksksss513.xml
facemask-dataset/images/maksssksksss314.png,facemask-dataset/annotations/maksssksksss314.xml
facemask-dataset/images/maksssksksss654.png,facemask-dataset/annotations/maksssksksss654.xml
facemask-dataset/images/maksssksksss15.png,facemask-dataset/annotations/maksssksksss15.xml
facemask-dataset/images/maksssksksss536.png,facemask-dataset/annotations/maksssksksss536.xml
facemask-dataset/images/maksssksksss516.png,facemask-dataset/annotations/maksssksksss516.xml
facemask-dataset/images/maksssksksss119.png,facemask-dataset/annotations/maksssksksss119.xml
facemask-dataset/images/maksssksksss568.png,facemask-dataset/annotations/maksssksksss568.xml
facemask-dataset/images/maksssksksss285.png,facemask-dataset/annotations/maksssksksss285.xml
facemask-dataset/images/maksssksksss778.png,facemask-dataset/annotations/maksssksksss778.xml
facemask-dataset/images/maksssksksss565.png,facemask-dataset/annotations/maksssksksss565.xml
facemask-dataset/images/maksssksksss217.png,facemask-dataset/annotations/maksssksksss217.xml
facemask-dataset/images/maksssksksss451.png,facemask-dataset/annotations/maksssksksss451.xml
facemask-dataset/images/maksssksksss640.png,facemask-dataset/annotations/maksssksksss640.xml
facemask-dataset/images/maksssksksss463.png,facemask-dataset/annotations/maksssksksss463.xml
facemask-dataset/images/maksssksksss782.png,facemask-dataset/annotations/maksssksksss782.xml
facemask-dataset/images/maksssksksss286.png,facemask-dataset/annotations/maksssksksss286.xml
facemask-dataset/images/maksssksksss280.png,facemask-dataset/annotations/maksssksksss280.xml
facemask-dataset/images/maksssksksss728.png,facemask-dataset/annotations/maksssksksss728.xml
facemask-dataset/images/maksssksksss529.png,facemask-dataset/annotations/maksssksksss529.xml
facemask-dataset/images/maksssksksss339.png,facemask-dataset/annotations/maksssksksss339.xml
facemask-dataset/images/maksssksksss351.png,facemask-dataset/annotations/maksssksksss351.xml
facemask-dataset/images/maksssksksss826.png,facemask-dataset/annotations/maksssksksss826.xml
facemask-dataset/images/maksssksksss531.png,facemask-dataset/annotations/maksssksksss531.xml
facemask-dataset/images/maksssksksss652.png,facemask-dataset/annotations/maksssksksss652.xml
facemask-dataset/images/maksssksksss555.png,facemask-dataset/annotations/maksssksksss555.xml
facemask-dataset/images/maksssksksss64.png,facemask-dataset/annotations/maksssksksss64.xml
facemask-dataset/images/maksssksksss435.png,facemask-dataset/annotations/maksssksksss435.xml
facemask-dataset/images/maksssksksss806.png,facemask-dataset/annotations/maksssksksss806.xml
facemask-dataset/images/maksssksksss753.png,facemask-dataset/annotations/maksssksksss753.xml
facemask-dataset/images/maksssksksss501.png,facemask-dataset/annotations/maksssksksss501.xml
facemask-dataset/images/maksssksksss542.png,facemask-dataset/annotations/maksssksksss542.xml
facemask-dataset/images/maksssksksss231.png,facemask-dataset/annotations/maksssksksss231.xml
facemask-dataset/images/maksssksksss355.png,facemask-dataset/annotations/maksssksksss355.xml
facemask-dataset/images/maksssksksss721.png,facemask-dataset/annotations/maksssksksss721.xml
facemask-dataset/images/maksssksksss666.png,facemask-dataset/annotations/maksssksksss666.xml
facemask-dataset/images/maksssksksss725.png,facemask-dataset/annotations/maksssksksss725.xml
facemask-dataset/images/maksssksksss514.png,facemask-dataset/annotations/maksssksksss514.xml
facemask-dataset/images/maksssksksss149.png,facemask-dataset/annotations/maksssksksss149.xml
facemask-dataset/images/maksssksksss438.png,facemask-dataset/annotations/maksssksksss438.xml
facemask-dataset/images/maksssksksss219.png,facemask-dataset/annotations/maksssksksss219.xml
facemask-dataset/images/maksssksksss253.png,facemask-dataset/annotations/maksssksksss253.xml
facemask-dataset/images/maksssksksss430.png,facemask-dataset/annotations/maksssksksss430.xml
facemask-dataset/images/maksssksksss380.png,facemask-dataset/annotations/maksssksksss380.xml
facemask-dataset/images/maksssksksss248.png,facemask-dataset/annotations/maksssksksss248.xml
facemask-dataset/images/maksssksksss833.png,facemask-dataset/annotations/maksssksksss833.xml
facemask-dataset/images/maksssksksss165.png,facemask-dataset/annotations/maksssksksss165.xml
facemask-dataset/images/maksssksksss176.png,facemask-dataset/annotations/maksssksksss176.xml
facemask-dataset/images/maksssksksss659.png,facemask-dataset/annotations/maksssksksss659.xml
facemask-dataset/images/maksssksksss139.png,facemask-dataset/annotations/maksssksksss139.xml
facemask-dataset/images/maksssksksss37.png,facemask-dataset/annotations/maksssksksss37.xml
facemask-dataset/images/maksssksksss820.png,facemask-dataset/annotations/maksssksksss820.xml
facemask-dataset/images/maksssksksss327.png,facemask-dataset/annotations/maksssksksss327.xml
facemask-dataset/images/maksssksksss751.png,facemask-dataset/annotations/maksssksksss751.xml
facemask-dataset/images/maksssksksss17.png,facemask-dataset/annotations/maksssksksss17.xml
facemask-dataset/images/maksssksksss48.png,facemask-dataset/annotations/maksssksksss48.xml
facemask-dataset/images/maksssksksss293.png,facemask-dataset/annotations/maksssksksss293.xml
facemask-dataset/images/maksssksksss251.png,facemask-dataset/annotations/maksssksksss251.xml
facemask-dataset/images/maksssksksss770.png,facemask-dataset/annotations/maksssksksss770.xml
facemask-dataset/images/maksssksksss830.png,facemask-dataset/annotations/maksssksksss830.xml
facemask-dataset/images/maksssksksss38.png,facemask-dataset/annotations/maksssksksss38.xml
facemask-dataset/images/maksssksksss275.png,facemask-dataset/annotations/maksssksksss275.xml
facemask-dataset/images/maksssksksss622.png,facemask-dataset/annotations/maksssksksss622.xml
facemask-dataset/images/maksssksksss166.png,facemask-dataset/annotations/maksssksksss166.xml
facemask-dataset/images/maksssksksss507.png,facemask-dataset/annotations/maksssksksss507.xml
facemask-dataset/images/maksssksksss24.png,facemask-dataset/annotations/maksssksksss24.xml
facemask-dataset/images/maksssksksss510.png,facemask-dataset/annotations/maksssksksss510.xml
facemask-dataset/images/maksssksksss713.png,facemask-dataset/annotations/maksssksksss713.xml
facemask-dataset/images/maksssksksss368.png,facemask-dataset/annotations/maksssksksss368.xml
facemask-dataset/images/maksssksksss537.png,facemask-dataset/annotations/maksssksksss537.xml
facemask-dataset/images/maksssksksss377.png,facemask-dataset/annotations/maksssksksss377.xml
facemask-dataset/images/maksssksksss302.png,facemask-dataset/annotations/maksssksksss302.xml
facemask-dataset/images/maksssksksss449.png,facemask-dataset/annotations/maksssksksss449.xml
facemask-dataset/images/maksssksksss190.png,facemask-dataset/annotations/maksssksksss190.xml
facemask-dataset/images/maksssksksss538.png,facemask-dataset/annotations/maksssksksss538.xml
facemask-dataset/images/maksssksksss144.png,facemask-dataset/annotations/maksssksksss144.xml
facemask-dataset/images/maksssksksss834.png,facemask-dataset/annotations/maksssksksss834.xml
facemask-dataset/images/maksssksksss397.png,facemask-dataset/annotations/maksssksksss397.xml
facemask-dataset/images/maksssksksss799.png,facemask-dataset/annotations/maksssksksss799.xml
facemask-dataset/images/maksssksksss319.png,facemask-dataset/annotations/maksssksksss319.xml
facemask-dataset/images/maksssksksss715.png,facemask-dataset/annotations/maksssksksss715.xml
facemask-dataset/images/maksssksksss14.png,facemask-dataset/annotations/maksssksksss14.xml
facemask-dataset/images/maksssksksss809.png,facemask-dataset/annotations/maksssksksss809.xml
facemask-dataset/images/maksssksksss718.png,facemask-dataset/annotations/maksssksksss718.xml
facemask-dataset/images/maksssksksss103.png,facemask-dataset/annotations/maksssksksss103.xml
facemask-dataset/images/maksssksksss2.png,facemask-dataset/annotations/maksssksksss2.xml
facemask-dataset/images/maksssksksss372.png,facemask-dataset/annotations/maksssksksss372.xml
facemask-dataset/images/maksssksksss821.png,facemask-dataset/annotations/maksssksksss821.xml
facemask-dataset/images/maksssksksss532.png,facemask-dataset/annotations/maksssksksss532.xml
facemask-dataset/images/maksssksksss634.png,facemask-dataset/annotations/maksssksksss634.xml
facemask-dataset/images/maksssksksss168.png,facemask-dataset/annotations/maksssksksss168.xml
facemask-dataset/images/maksssksksss491.png,facemask-dataset/annotations/maksssksksss491.xml
facemask-dataset/images/maksssksksss370.png,facemask-dataset/annotations/maksssksksss370.xml
facemask-dataset/images/maksssksksss21.png,facemask-dataset/annotations/maksssksksss21.xml
facemask-dataset/images/maksssksksss642.png,facemask-dataset/annotations/maksssksksss642.xml
facemask-dataset/images/maksssksksss745.png,facemask-dataset/annotations/maksssksksss745.xml
facemask-dataset/images/maksssksksss20.png,facemask-dataset/annotations/maksssksksss20.xml
facemask-dataset/images/maksssksksss638.png,facemask-dataset/annotations/maksssksksss638.xml
facemask-dataset/images/maksssksksss5.png,facemask-dataset/annotations/maksssksksss5.xml
facemask-dataset/images/maksssksksss28.png,facemask-dataset/annotations/maksssksksss28.xml
facemask-dataset/images/maksssksksss758.png,facemask-dataset/annotations/maksssksksss758.xml
facemask-dataset/images/maksssksksss25.png,facemask-dataset/annotations/maksssksksss25.xml
facemask-dataset/images/maksssksksss756.png,facemask-dataset/annotations/maksssksksss756.xml
facemask-dataset/images/maksssksksss755.png,facemask-dataset/annotations/maksssksksss755.xml
facemask-dataset/images/maksssksksss330.png,facemask-dataset/annotations/maksssksksss330.xml
facemask-dataset/images/maksssksksss124.png,facemask-dataset/annotations/maksssksksss124.xml
facemask-dataset/images/maksssksksss203.png,facemask-dataset/annotations/maksssksksss203.xml
facemask-dataset/images/maksssksksss405.png,facemask-dataset/annotations/maksssksksss405.xml
facemask-dataset/images/maksssksksss716.png,facemask-dataset/annotations/maksssksksss716.xml
facemask-dataset/images/maksssksksss618.png,facemask-dataset/annotations/maksssksksss618.xml
facemask-dataset/images/maksssksksss679.png,facemask-dataset/annotations/maksssksksss679.xml
facemask-dataset/images/maksssksksss594.png,facemask-dataset/annotations/maksssksksss594.xml
facemask-dataset/images/maksssksksss731.png,facemask-dataset/annotations/maksssksksss731.xml
facemask-dataset/images/maksssksksss604.png,facemask-dataset/annotations/maksssksksss604.xml
facemask-dataset/images/maksssksksss852.png,facemask-dataset/annotations/maksssksksss852.xml
facemask-dataset/images/maksssksksss808.png,facemask-dataset/annotations/maksssksksss808.xml
facemask-dataset/images/maksssksksss366.png,facemask-dataset/annotations/maksssksksss366.xml
facemask-dataset/images/maksssksksss223.png,facemask-dataset/annotations/maksssksksss223.xml
facemask-dataset/images/maksssksksss1.png,facemask-dataset/annotations/maksssksksss1.xml
facemask-dataset/images/maksssksksss767.png,facemask-dataset/annotations/maksssksksss767.xml
facemask-dataset/images/maksssksksss481.png,facemask-dataset/annotations/maksssksksss481.xml
facemask-dataset/images/maksssksksss742.png,facemask-dataset/annotations/maksssksksss742.xml
facemask-dataset/images/maksssksksss313.png,facemask-dataset/annotations/maksssksksss313.xml
facemask-dataset/images/maksssksksss399.png,facemask-dataset/annotations/maksssksksss399.xml
facemask-dataset/images/maksssksksss407.png,facemask-dataset/annotations/maksssksksss407.xml
facemask-dataset/images/maksssksksss847.png,facemask-dataset/annotations/maksssksksss847.xml
facemask-dataset/images/maksssksksss626.png,facemask-dataset/annotations/maksssksksss626.xml
facemask-dataset/images/maksssksksss23.png,facemask-dataset/annotations/maksssksksss23.xml
facemask-dataset/images/maksssksksss554.png,facemask-dataset/annotations/maksssksksss554.xml
facemask-dataset/images/maksssksksss174.png,facemask-dataset/annotations/maksssksksss174.xml
facemask-dataset/images/maksssksksss152.png,facemask-dataset/annotations/maksssksksss152.xml
facemask-dataset/images/maksssksksss234.png,facemask-dataset/annotations/maksssksksss234.xml
facemask-dataset/images/maksssksksss441.png,facemask-dataset/annotations/maksssksksss441.xml
facemask-dataset/images/maksssksksss665.png,facemask-dataset/annotations/maksssksksss665.xml
facemask-dataset/images/maksssksksss116.png,facemask-dataset/annotations/maksssksksss116.xml
facemask-dataset/images/maksssksksss764.png,facemask-dataset/annotations/maksssksksss764.xml
facemask-dataset/images/maksssksksss762.png,facemask-dataset/annotations/maksssksksss762.xml
facemask-dataset/images/maksssksksss470.png,facemask-dataset/annotations/maksssksksss470.xml
facemask-dataset/images/maksssksksss237.png,facemask-dataset/annotations/maksssksksss237.xml
facemask-dataset/images/maksssksksss539.png,facemask-dataset/annotations/maksssksksss539.xml
facemask-dataset/images/maksssksksss229.png,facemask-dataset/annotations/maksssksksss229.xml
facemask-dataset/images/maksssksksss374.png,facemask-dataset/annotations/maksssksksss374.xml
facemask-dataset/images/maksssksksss358.png,facemask-dataset/annotations/maksssksksss358.xml
facemask-dataset/images/maksssksksss349.png,facemask-dataset/annotations/maksssksksss349.xml
facemask-dataset/images/maksssksksss326.png,facemask-dataset/annotations/maksssksksss326.xml
facemask-dataset/images/maksssksksss587.png,facemask-dataset/annotations/maksssksksss587.xml
facemask-dataset/images/maksssksksss474.png,facemask-dataset/annotations/maksssksksss474.xml
facemask-dataset/images/maksssksksss255.png,facemask-dataset/annotations/maksssksksss255.xml
facemask-dataset/images/maksssksksss696.png,facemask-dataset/annotations/maksssksksss696.xml
facemask-dataset/images/maksssksksss810.png,facemask-dataset/annotations/maksssksksss810.xml
facemask-dataset/images/maksssksksss159.png,facemask-dataset/annotations/maksssksksss159.xml
facemask-dataset/images/maksssksksss388.png,facemask-dataset/annotations/maksssksksss388.xml
facemask-dataset/images/maksssksksss684.png,facemask-dataset/annotations/maksssksksss684.xml
facemask-dataset/images/maksssksksss98.png,facemask-dataset/annotations/maksssksksss98.xml
facemask-dataset/images/maksssksksss779.png,facemask-dataset/annotations/maksssksksss779.xml
facemask-dataset/images/maksssksksss672.png,facemask-dataset/annotations/maksssksksss672.xml
facemask-dataset/images/maksssksksss185.png,facemask-dataset/annotations/maksssksksss185.xml
facemask-dataset/images/maksssksksss562.png,facemask-dataset/annotations/maksssksksss562.xml
facemask-dataset/images/maksssksksss244.png,facemask-dataset/annotations/maksssksksss244.xml
facemask-dataset/images/maksssksksss390.png,facemask-dataset/annotations/maksssksksss390.xml
facemask-dataset/images/maksssksksss102.png,facemask-dataset/annotations/maksssksksss102.xml
facemask-dataset/images/maksssksksss260.png,facemask-dataset/annotations/maksssksksss260.xml
facemask-dataset/images/maksssksksss193.png,facemask-dataset/annotations/maksssksksss193.xml
facemask-dataset/images/maksssksksss86.png,facemask-dataset/annotations/maksssksksss86.xml
facemask-dataset/images/maksssksksss750.png,facemask-dataset/annotations/maksssksksss750.xml
facemask-dataset/images/maksssksksss701.png,facemask-dataset/annotations/maksssksksss701.xml
facemask-dataset/images/maksssksksss6.png,facemask-dataset/annotations/maksssksksss6.xml
facemask-dataset/images/maksssksksss783.png,facemask-dataset/annotations/maksssksksss783.xml
facemask-dataset/images/maksssksksss288.png,facemask-dataset/annotations/maksssksksss288.xml
facemask-dataset/images/maksssksksss822.png,facemask-dataset/annotations/maksssksksss822.xml
facemask-dataset/images/maksssksksss155.png,facemask-dataset/annotations/maksssksksss155.xml
facemask-dataset/images/maksssksksss682.png,facemask-dataset/annotations/maksssksksss682.xml
facemask-dataset/images/maksssksksss564.png,facemask-dataset/annotations/maksssksksss564.xml
facemask-dataset/images/maksssksksss188.png,facemask-dataset/annotations/maksssksksss188.xml
facemask-dataset/images/maksssksksss192.png,facemask-dataset/annotations/maksssksksss192.xml
facemask-dataset/images/maksssksksss130.png,facemask-dataset/annotations/maksssksksss130.xml
facemask-dataset/images/maksssksksss768.png,facemask-dataset/annotations/maksssksksss768.xml
facemask-dataset/images/maksssksksss395.png,facemask-dataset/annotations/maksssksksss395.xml
facemask-dataset/images/maksssksksss151.png,facemask-dataset/annotations/maksssksksss151.xml
facemask-dataset/images/maksssksksss482.png,facemask-dataset/annotations/maksssksksss482.xml
facemask-dataset/images/maksssksksss711.png,facemask-dataset/annotations/maksssksksss711.xml
facemask-dataset/images/maksssksksss385.png,facemask-dataset/annotations/maksssksksss385.xml
facemask-dataset/images/maksssksksss603.png,facemask-dataset/annotations/maksssksksss603.xml
facemask-dataset/images/maksssksksss304.png,facemask-dataset/annotations/maksssksksss304.xml
facemask-dataset/images/maksssksksss170.png,facemask-dataset/annotations/maksssksksss170.xml
facemask-dataset/images/maksssksksss238.png,facemask-dataset/annotations/maksssksksss238.xml
facemask-dataset/images/maksssksksss639.png,facemask-dataset/annotations/maksssksksss639.xml
