image_path,annotation_path
facemask-dataset/images/maksssksksss824.png,facemask-dataset/annotations/maksssksksss824.xml
facemask-dataset/images/maksssksksss534.png,facemask-dataset/annotations/maksssksksss534.xml
facemask-dataset/images/maksssksksss710.png,facemask-dataset/annotations/maksssksksss710.xml
facemask-dataset/images/maksssksksss589.png,facemask-dataset/annotations/maksssksksss589.xml
facemask-dataset/images/maksssksksss497.png,facemask-dataset/annotations/maksssksksss497.xml
facemask-dataset/images/maksssksksss104.png,facemask-dataset/annotations/maksssksksss104.xml
facemask-dataset/images/maksssksksss67.png,facemask-dataset/annotations/maksssksksss67.xml
facemask-dataset/images/maksssksksss294.png,facemask-dataset/annotations/maksssksksss294.xml
facemask-dataset/images/maksssksksss72.png,facemask-dataset/annotations/maksssksksss72.xml
facemask-dataset/images/maksssksksss636.png,facemask-dataset/annotations/maksssksksss636.xml
facemask-dataset/images/maksssksksss643.png,facemask-dataset/annotations/maksssksksss643.xml
facemask-dataset/images/maksssksksss420.png,facemask-dataset/annotations/maksssksksss420.xml
facemask-dataset/images/maksssksksss316.png,facemask-dataset/annotations/maksssksksss316.xml
facemask-dataset/images/maksssksksss657.png,facemask-dataset/annotations/maksssksksss657.xml
facemask-dataset/images/maksssksksss87.png,facemask-dataset/annotations/maksssksksss87.xml
facemask-dataset/images/maksssksksss205.png,facemask-dataset/annotations/maksssksksss205.xml
facemask-dataset/images/maksssksksss317.png,facemask-dataset/annotations/maksssksksss317.xml
facemask-dataset/images/maksssksksss699.png,facemask-dataset/annotations/maksssksksss699.xml
facemask-dataset/images/maksssksksss4.png,facemask-dataset/annotations/maksssksksss4.xml
facemask-dataset/images/maksssksksss746.png,facemask-dataset/annotations/maksssksksss746.xml
facemask-dataset/images/maksssksksss36.png,facemask-dataset/annotations/maksssksksss36.xml
facemask-dataset/images/maksssksksss386.png,facemask-dataset/annotations/maksssksksss386.xml
facemask-dataset/images/maksssksksss55.png,facemask-dataset/annotations/maksssksksss55.xml
facemask-dataset/images/maksssksksss464.png,facemask-dataset/annotations/maksssksksss464.xml
facemask-dataset/images/maksssksksss198.png,facemask-dataset/annotations/maksssksksss198.xml
facemask-dataset/images/maksssksksss402.png,facemask-dataset/annotations/maksssksksss402.xml
facemask-dataset/images/maksssksksss545.png,facemask-dataset/annotations/maksssksksss545.xml
facemask-dataset/images/maksssksksss571.png,facemask-dataset/annotations/maksssksksss571.xml
facemask-dataset/images/maksssksksss50.png,facemask-dataset/annotations/maksssksksss50.xml
facemask-dataset/images/maksssksksss573.png,facemask-dataset/annotations/maksssksksss573.xml
facemask-dataset/images/maksssksksss18.png,facemask-dataset/annotations/maksssksksss18.xml
facemask-dataset/images/maksssksksss78.png,facemask-dataset/annotations/maksssksksss78.xml
facemask-dataset/images/maksssksksss69.png,facemask-dataset/annotations/maksssksksss69.xml
facemask-dataset/images/maksssksksss719.png,facemask-dataset/annotations/maksssksksss719.xml
facemask-dataset/images/maksssksksss817.png,facemask-dataset/annotations/maksssksksss817.xml
facemask-dataset/images/maksssksksss723.png,facemask-dataset/annotations/maksssksksss723.xml
facemask-dataset/images/maksssksksss109.png,facemask-dataset/annotations/maksssksksss109.xml
facemask-dataset/images/maksssksksss656.png,facemask-dataset/annotations/maksssksksss656.xml
facemask-dataset/images/maksssksksss557.png,facemask-dataset/annotations/maksssksksss557.xml
facemask-dataset/images/maksssksksss106.png,facemask-dataset/annotations/maksssksksss106.xml
facemask-dataset/images/maksssksksss476.png,facemask-dataset/annotations/maksssksksss476.xml
facemask-dataset/images/maksssksksss115.png,facemask-dataset/annotations/maksssksksss115.xml
facemask-dataset/images/maksssksksss276.png,facemask-dataset/annotations/maksssksksss276.xml
facemask-dataset/images/maksssksksss655.png,facemask-dataset/annotations/maksssksksss655.xml
facemask-dataset/images/maksssksksss689.png,facemask-dataset/annotations/maksssksksss689.xml
facemask-dataset/images/maksssksksss227.png,facemask-dataset/annotations/maksssksksss227.xml
facemask-dataset/images/maksssksksss445.png,facemask-dataset/annotations/maksssksksss445.xml
facemask-dataset/images/maksssksksss245.png,facemask-dataset/annotations/maksssksksss245.xml
facemask-dataset/images/maksssksksss530.png,facemask-dataset/annotations/maksssksksss530.xml
facemask-dataset/images/maksssksksss347.png,facemask-dataset/annotations/maksssksksss347.xml
facemask-dataset/images/maksssksksss448.png,facemask-dataset/annotations/maksssksksss448.xml
facemask-dataset/images/maksssksksss117.png,facemask-dataset/annotations/maksssksksss117.xml
facemask-dataset/images/maksssksksss65.png,facemask-dataset/annotations/maksssksksss65.xml
facemask-dataset/images/maksssksksss235.png,facemask-dataset/annotations/maksssksksss235.xml
facemask-dataset/images/maksssksksss595.png,facemask-dataset/annotations/maksssksksss595.xml
facemask-dataset/images/maksssksksss11.png,facemask-dataset/annotations/maksssksksss11.xml
facemask-dataset/images/maksssksksss226.png,facemask-dataset/annotations/maksssksksss226.xml
facemask-dataset/images/maksssksksss777.png,facemask-dataset/annotations/maksssksksss777.xml
facemask-dataset/images/maksssksksss265.png,facemask-dataset/annotations/maksssksksss265.xml
facemask-dataset/images/maksssksksss376.png,facemask-dataset/annotations/maksssksksss376.xml
facemask-dataset/images/maksssksksss266.png,facemask-dataset/annotations/maksssksksss266.xml
facemask-dataset/images/maksssksksss592.png,facemask-dataset/annotations/maksssksksss592.xml
facemask-dataset/images/maksssksksss851.png,facemask-dataset/annotations/maksssksksss851.xml
facemask-dataset/images/maksssksksss279.png,facemask-dataset/annotations/maksssksksss279.xml
facemask-dataset/images/maksssksksss597.png,facemask-dataset/annotations/maksssksksss597.xml
facemask-dataset/images/maksssksksss761.png,facemask-dataset/annotations/maksssksksss761.xml
facemask-dataset/images/maksssksksss849.png,facemask-dataset/annotations/maksssksksss849.xml
facemask-dataset/images/maksssksksss771.png,facemask-dataset/annotations/maksssksksss771.xml
facemask-dataset/images/maksssksksss413.png,facemask-dataset/annotations/maksssksksss413.xml
facemask-dataset/images/maksssksksss807.png,facemask-dataset/annotations/maksssksksss807.xml
facemask-dataset/images/maksssksksss785.png,facemask-dataset/annotations/maksssksksss785.xml
facemask-dataset/images/maksssksksss661.png,facemask-dataset/annotations/maksssksksss661.xml
facemask-dataset/images/maksssksksss540.png,facemask-dataset/annotations/maksssksksss540.xml
facemask-dataset/images/maksssksksss489.png,facemask-dataset/annotations/maksssksksss489.xml
facemask-dataset/images/maksssksksss287.png,facemask-dataset/annotations/maksssksksss287.xml
facemask-dataset/images/maksssksksss671.png,facemask-dataset/annotations/maksssksksss671.xml
facemask-dataset/images/maksssksksss709.png,facemask-dataset/annotations/maksssksksss709.xml
facemask-dataset/images/maksssksksss473.png,facemask-dataset/annotations/maksssksksss473.xml
facemask-dataset/images/maksssksksss621.png,facemask-dataset/annotations/maksssksksss621.xml
facemask-dataset/images/maksssksksss433.png,facemask-dataset/annotations/maksssksksss433.xml
facemask-dataset/images/maksssksksss158.png,facemask-dataset/annotations/maksssksksss158.xml
facemask-dataset/images/maksssksksss41.png,facemask-dataset/annotations/maksssksksss41.xml
facemask-dataset/images/maksssksksss49.png,facemask-dataset/annotations/maksssksksss49.xml
facemask-dataset/images/maksssksksss744.png,facemask-dataset/annotations/maksssksksss744.xml
facemask-dataset/images/maksssksksss411.png,facemask-dataset/annotations/maksssksksss411.xml
facemask-dataset/images/maksssksksss780.png,facemask-dataset/annotations/maksssksksss780.xml
facemask-dataset/images/maksssksksss660.png,facemask-dataset/annotations/maksssksksss660.xml
facemask-dataset/images/maksssksksss795.png,facemask-dataset/annotations/maksssksksss795.xml
facemask-dataset/images/maksssksksss222.png,facemask-dataset/annotations/maksssksksss222.xml
facemask-dataset/images/maksssksksss291.png,facemask-dataset/annotations/maksssksksss291.xml
facemask-dataset/images/maksssksksss720.png,facemask-dataset/annotations/maksssksksss720.xml
facemask-dataset/images/maksssksksss724.png,facemask-dataset/annotations/maksssksksss724.xml
facemask-dataset/images/maksssksksss708.png,facemask-dataset/annotations/maksssksksss708.xml
facemask-dataset/images/maksssksksss329.png,facemask-dataset/annotations/maksssksksss329.xml
facemask-dataset/images/maksssksksss697.png,facemask-dataset/annotations/maksssksksss697.xml
facemask-dataset/images/maksssksksss629.png,facemask-dataset/annotations/maksssksksss629.xml
facemask-dataset/images/maksssksksss324.png,facemask-dataset/annotations/maksssksksss324.xml
facemask-dataset/images/maksssksksss601.png,facemask-dataset/annotations/maksssksksss601.xml
facemask-dataset/images/maksssksksss591.png,facemask-dataset/annotations/maksssksksss591.xml
facemask-dataset/images/maksssksksss184.png,facemask-dataset/annotations/maksssksksss184.xml
facemask-dataset/images/maksssksksss846.png,facemask-dataset/annotations/maksssksksss846.xml
facemask-dataset/images/maksssksksss484.png,facemask-dataset/annotations/maksssksksss484.xml
facemask-dataset/images/maksssksksss232.png,facemask-dataset/annotations/maksssksksss232.xml
facemask-dataset/images/maksssksksss800.png,facemask-dataset/annotations/maksssksksss800.xml
facemask-dataset/images/maksssksksss122.png,facemask-dataset/annotations/maksssksksss122.xml
facemask-dataset/images/maksssksksss171.png,facemask-dataset/annotations/maksssksksss171.xml
facemask-dataset/images/maksssksksss39.png,facemask-dataset/annotations/maksssksksss39.xml
facemask-dataset/images/maksssksksss334.png,facemask-dataset/annotations/maksssksksss334.xml
facemask-dataset/images/maksssksksss829.png,facemask-dataset/annotations/maksssksksss829.xml
facemask-dataset/images/maksssksksss161.png,facemask-dataset/annotations/maksssksksss161.xml
facemask-dataset/images/maksssksksss183.png,facemask-dataset/annotations/maksssksksss183.xml
facemask-dataset/images/maksssksksss108.png,facemask-dataset/annotations/maksssksksss108.xml
facemask-dataset/images/maksssksksss154.png,facemask-dataset/annotations/maksssksksss154.xml
facemask-dataset/images/maksssksksss641.png,facemask-dataset/annotations/maksssksksss641.xml
facemask-dataset/images/maksssksksss480.png,facemask-dataset/annotations/maksssksksss480.xml
facemask-dataset/images/maksssksksss797.png,facemask-dataset/annotations/maksssksksss797.xml
facemask-dataset/images/maksssksksss658.png,facemask-dataset/annotations/maksssksksss658.xml
facemask-dataset/images/maksssksksss581.png,facemask-dataset/annotations/maksssksksss581.xml
facemask-dataset/images/maksssksksss582.png,facemask-dataset/annotations/maksssksksss582.xml
facemask-dataset/images/maksssksksss522.png,facemask-dataset/annotations/maksssksksss522.xml
facemask-dataset/images/maksssksksss704.png,facemask-dataset/annotations/maksssksksss704.xml
facemask-dataset/images/maksssksksss456.png,facemask-dataset/annotations/maksssksksss456.xml
facemask-dataset/images/maksssksksss796.png,facemask-dataset/annotations/maksssksksss796.xml
facemask-dataset/images/maksssksksss81.png,facemask-dataset/annotations/maksssksksss81.xml
facemask-dataset/images/maksssksksss107.png,facemask-dataset/annotations/maksssksksss107.xml
facemask-dataset/images/maksssksksss210.png,facemask-dataset/annotations/maksssksksss210.xml
facemask-dataset/images/maksssksksss730.png,facemask-dataset/annotations/maksssksksss730.xml
facemask-dataset/images/maksssksksss468.png,facemask-dataset/annotations/maksssksksss468.xml
facemask-dataset/images/maksssksksss259.png,facemask-dataset/annotations/maksssksksss259.xml
facemask-dataset/images/maksssksksss547.png,facemask-dataset/annotations/maksssksksss547.xml
facemask-dataset/images/maksssksksss187.png,facemask-dataset/annotations/maksssksksss187.xml
facemask-dataset/images/maksssksksss343.png,facemask-dataset/annotations/maksssksksss343.xml
facemask-dataset/images/maksssksksss781.png,facemask-dataset/annotations/maksssksksss781.xml
facemask-dataset/images/maksssksksss406.png,facemask-dataset/annotations/maksssksksss406.xml
facemask-dataset/images/maksssksksss515.png,facemask-dataset/annotations/maksssksksss515.xml
facemask-dataset/images/maksssksksss644.png,facemask-dataset/annotations/maksssksksss644.xml
facemask-dataset/images/maksssksksss274.png,facemask-dataset/annotations/maksssksksss274.xml
facemask-dataset/images/maksssksksss63.png,facemask-dataset/annotations/maksssksksss63.xml
facemask-dataset/images/maksssksksss30.png,facemask-dataset/annotations/maksssksksss30.xml
facemask-dataset/images/maksssksksss289.png,facemask-dataset/annotations/maksssksksss289.xml
facemask-dataset/images/maksssksksss356.png,facemask-dataset/annotations/maksssksksss356.xml
facemask-dataset/images/maksssksksss466.png,facemask-dataset/annotations/maksssksksss466.xml
facemask-dataset/images/maksssksksss252.png,facemask-dataset/annotations/maksssksksss252.xml
facemask-dataset/images/maksssksksss42.png,facemask-dataset/annotations/maksssksksss42.xml
facemask-dataset/images/maksssksksss145.png,facemask-dataset/annotations/maksssksksss145.xml
facemask-dataset/images/maksssksksss508.png,facemask-dataset/annotations/maksssksksss508.xml
facemask-dataset/images/maksssksksss485.png,facemask-dataset/annotations/maksssksksss485.xml
facemask-dataset/images/maksssksksss220.png,facemask-dataset/annotations/maksssksksss220.xml
facemask-dataset/images/maksssksksss437.png,facemask-dataset/annotations/maksssksksss437.xml
facemask-dataset/images/maksssksksss141.png,facemask-dataset/annotations/maksssksksss141.xml
facemask-dataset/images/maksssksksss225.png,facemask-dataset/annotations/maksssksksss225.xml
facemask-dataset/images/maksssksksss77.png,facemask-dataset/annotations/maksssksksss77.xml
facemask-dataset/images/maksssksksss416.png,facemask-dataset/annotations/maksssksksss416.xml
facemask-dataset/images/maksssksksss113.png,facemask-dataset/annotations/maksssksksss113.xml
facemask-dataset/images/maksssksksss27.png,facemask-dataset/annotations/maksssksksss27.xml
facemask-dataset/images/maksssksksss772.png,facemask-dataset/annotations/maksssksksss772.xml
facemask-dataset/images/maksssksksss344.png,facemask-dataset/annotations/maksssksksss344.xml
facemask-dataset/images/maksssksksss533.png,facemask-dataset/annotations/maksssksksss533.xml
facemask-dataset/images/maksssksksss45.png,facemask-dataset/annotations/maksssksksss45.xml
facemask-dataset/images/maksssksksss691.png,facemask-dataset/annotations/maksssksksss691.xml
facemask-dataset/images/maksssksksss212.png,facemask-dataset/annotations/maksssksksss212.xml
facemask-dataset/images/maksssksksss138.png,facemask-dataset/annotations/maksssksksss138.xml
facemask-dataset/images/maksssksksss256.png,facemask-dataset/annotations/maksssksksss256.xml
facemask-dataset/images/maksssksksss47.png,facemask-dataset/annotations/maksssksksss47.xml
facemask-dataset/images/maksssksksss126.png,facemask-dataset/annotations/maksssksksss126.xml
facemask-dataset/images/maksssksksss505.png,facemask-dataset/annotations/maksssksksss505.xml
facemask-dataset/images/maksssksksss162.png,facemask-dataset/annotations/maksssksksss162.xml
facemask-dataset/images/maksssksksss748.png,facemask-dataset/annotations/maksssksksss748.xml
facemask-dataset/images/maksssksksss759.png,facemask-dataset/annotations/maksssksksss759.xml
facemask-dataset/images/maksssksksss412.png,facemask-dataset/annotations/maksssksksss412.xml
facemask-dataset/images/maksssksksss633.png,facemask-dataset/annotations/maksssksksss633.xml
facemask-dataset/images/maksssksksss576.png,facemask-dataset/annotations/maksssksksss576.xml
facemask-dataset/images/maksssksksss427.png,facemask-dataset/annotations/maksssksksss427.xml
facemask-dataset/images/maksssksksss136.png,facemask-dataset/annotations/maksssksksss136.xml
facemask-dataset/images/maksssksksss224.png,facemask-dataset/annotations/maksssksksss224.xml
facemask-dataset/images/maksssksksss460.png,facemask-dataset/annotations/maksssksksss460.xml
facemask-dataset/images/maksssksksss803.png,facemask-dataset/annotations/maksssksksss803.xml
facemask-dataset/images/maksssksksss498.png,facemask-dataset/annotations/maksssksksss498.xml
facemask-dataset/images/maksssksksss692.png,facemask-dataset/annotations/maksssksksss692.xml
facemask-dataset/images/maksssksksss706.png,facemask-dataset/annotations/maksssksksss706.xml
facemask-dataset/images/maksssksksss59.png,facemask-dataset/annotations/maksssksksss59.xml
facemask-dataset/images/maksssksksss197.png,facemask-dataset/annotations/maksssksksss197.xml
facemask-dataset/images/maksssksksss845.png,facemask-dataset/annotations/maksssksksss845.xml
facemask-dataset/images/maksssksksss802.png,facemask-dataset/annotations/maksssksksss802.xml
facemask-dataset/images/maksssksksss630.png,facemask-dataset/annotations/maksssksksss630.xml
facemask-dataset/images/maksssksksss318.png,facemask-dataset/annotations/maksssksksss318.xml
facemask-dataset/images/maksssksksss337.png,facemask-dataset/annotations/maksssksksss337.xml
facemask-dataset/images/maksssksksss323.png,facemask-dataset/annotations/maksssksksss323.xml
facemask-dataset/images/maksssksksss680.png,facemask-dataset/annotations/maksssksksss680.xml
facemask-dataset/images/maksssksksss584.png,facemask-dataset/annotations/maksssksksss584.xml
facemask-dataset/images/maksssksksss301.png,facemask-dataset/annotations/maksssksksss301.xml
facemask-dataset/images/maksssksksss842.png,facemask-dataset/annotations/maksssksksss842.xml
facemask-dataset/images/maksssksksss757.png,facemask-dataset/annotations/maksssksksss757.xml
facemask-dataset/images/maksssksksss218.png,facemask-dataset/annotations/maksssksksss218.xml
facemask-dataset/images/maksssksksss273.png,facemask-dataset/annotations/maksssksksss273.xml
facemask-dataset/images/maksssksksss295.png,facemask-dataset/annotations/maksssksksss295.xml
facemask-dataset/images/maksssksksss814.png,facemask-dataset/annotations/maksssksksss814.xml
facemask-dataset/images/maksssksksss850.png,facemask-dataset/annotations/maksssksksss850.xml
facemask-dataset/images/maksssksksss775.png,facemask-dataset/annotations/maksssksksss775.xml
facemask-dataset/images/maksssksksss574.png,facemask-dataset/annotations/maksssksksss574.xml
facemask-dataset/images/maksssksksss261.png,facemask-dataset/annotations/maksssksksss261.xml
facemask-dataset/images/maksssksksss653.png,facemask-dataset/annotations/maksssksksss653.xml
facemask-dataset/images/maksssksksss88.png,facemask-dataset/annotations/maksssksksss88.xml
facemask-dataset/images/maksssksksss215.png,facemask-dataset/annotations/maksssksksss215.xml
facemask-dataset/images/maksssksksss649.png,facemask-dataset/annotations/maksssksksss649.xml
facemask-dataset/images/maksssksksss446.png,facemask-dataset/annotations/maksssksksss446.xml
facemask-dataset/images/maksssksksss12.png,facemask-dataset/annotations/maksssksksss12.xml
facemask-dataset/images/maksssksksss461.png,facemask-dataset/annotations/maksssksksss461.xml
facemask-dataset/images/maksssksksss309.png,facemask-dataset/annotations/maksssksksss309.xml
facemask-dataset/images/maksssksksss82.png,facemask-dataset/annotations/maksssksksss82.xml
facemask-dataset/images/maksssksksss262.png,facemask-dataset/annotations/maksssksksss262.xml
facemask-dataset/images/maksssksksss177.png,facemask-dataset/annotations/maksssksksss177.xml
facemask-dataset/images/maksssksksss181.png,facemask-dataset/annotations/maksssksksss181.xml
facemask-dataset/images/maksssksksss312.png,facemask-dataset/annotations/maksssksksss312.xml
facemask-dataset/images/maksssksksss670.png,facemask-dataset/annotations/maksssksksss670.xml
facemask-dataset/images/maksssksksss499.png,facemask-dataset/annotations/maksssksksss499.xml
facemask-dataset/images/maksssksksss502.png,facemask-dataset/annotations/maksssksksss502.xml
facemask-dataset/images/maksssksksss607.png,facemask-dataset/annotations/maksssksksss607.xml
facemask-dataset/images/maksssksksss213.png,facemask-dataset/annotations/maksssksksss213.xml
facemask-dataset/images/maksssksksss290.png,facemask-dataset/annotations/maksssksksss290.xml
facemask-dataset/images/maksssksksss606.png,facemask-dataset/annotations/maksssksksss606.xml
facemask-dataset/images/maksssksksss801.png,facemask-dataset/annotations/maksssksksss801.xml
facemask-dataset/images/maksssksksss236.png,facemask-dataset/annotations/maksssksksss236.xml
facemask-dataset/images/maksssksksss506.png,facemask-dataset/annotations/maksssksksss506.xml
facemask-dataset/images/maksssksksss712.png,facemask-dataset/annotations/maksssksksss712.xml
facemask-dataset/images/maksssksksss322.png,facemask-dataset/annotations/maksssksksss322.xml
facemask-dataset/images/maksssksksss434.png,facemask-dataset/annotations/maksssksksss434.xml
facemask-dataset/images/maksssksksss66.png,facemask-dataset/annotations/maksssksksss66.xml
facemask-dataset/images/maksssksksss738.png,facemask-dataset/annotations/maksssksksss738.xml
facemask-dataset/images/maksssksksss3.png,facemask-dataset/annotations/maksssksksss3.xml
facemask-dataset/images/maksssksksss76.png,facemask-dataset/annotations/maksssksksss76.xml
facemask-dataset/images/maksssksksss393.png,facemask-dataset/annotations/maksssksksss393.xml
facemask-dataset/images/maksssksksss733.png,facemask-dataset/annotations/maksssksksss733.xml
facemask-dataset/images/maksssksksss805.png,facemask-dataset/annotations/maksssksksss805.xml
facemask-dataset/images/maksssksksss303.png,facemask-dataset/annotations/maksssksksss303.xml
facemask-dataset/images/maksssksksss504.png,facemask-dataset/annotations/maksssksksss504.xml
facemask-dataset/images/maksssksksss249.png,facemask-dataset/annotations/maksssksksss249.xml
facemask-dataset/images/maksssksksss179.png,facemask-dataset/annotations/maksssksksss179.xml
facemask-dataset/images/maksssksksss146.png,facemask-dataset/annotations/maksssksksss146.xml
facemask-dataset/images/maksssksksss776.png,facemask-dataset/annotations/maksssksksss776.xml
facemask-dataset/images/maksssksksss371.png,facemask-dataset/annotations/maksssksksss371.xml
facemask-dataset/images/maksssksksss263.png,facemask-dataset/annotations/maksssksksss263.xml
facemask-dataset/images/maksssksksss596.png,facemask-dataset/annotations/maksssksksss596.xml
facemask-dataset/images/maksssksksss83.png,facemask-dataset/annotations/maksssksksss83.xml
facemask-dataset/images/maksssksksss495.png,facemask-dataset/annotations/maksssksksss495.xml
facemask-dataset/images/maksssksksss221.png,facemask-dataset/annotations/maksssksksss221.xml
facemask-dataset/images/maksssksksss585.png,facemask-dataset/annotations/maksssksksss585.xml
facemask-dataset/images/maksssksksss669.png,facemask-dataset/annotations/maksssksksss669.xml
facemask-dataset/images/maksssksksss792.png,facemask-dataset/annotations/maksssksksss792.xml
facemask-dataset/images/maksssksksss467.png,facemask-dataset/annotations/maksssksksss467.xml
facemask-dataset/images/maksssksksss92.png,facemask-dataset/annotations/maksssksksss92.xml
facemask-dataset/images/maksssksksss284.png,facemask-dataset/annotations/maksssksksss284.xml
facemask-dataset/images/maksssksksss763.png,facemask-dataset/annotations/maksssksksss763.xml
facemask-dataset/images/maksssksksss150.png,facemask-dataset/annotations/maksssksksss150.xml
facemask-dataset/images/maksssksksss89.png,facemask-dataset/annotations/maksssksksss89.xml
facemask-dataset/images/maksssksksss843.png,facemask-dataset/annotations/maksssksksss843.xml
facemask-dataset/images/maksssksksss357.png,facemask-dataset/annotations/maksssksksss357.xml
facemask-dataset/images/maksssksksss414.png,facemask-dataset/annotations/maksssksksss414.xml
facemask-dataset/images/maksssksksss813.png,facemask-dataset/annotations/maksssksksss813.xml
facemask-dataset/images/maksssksksss191.png,facemask-dataset/annotations/maksssksksss191.xml
facemask-dataset/images/maksssksksss281.png,facemask-dataset/annotations/maksssksksss281.xml
facemask-dataset/images/maksssksksss240.png,facemask-dataset/annotations/maksssksksss240.xml
facemask-dataset/images/maksssksksss550.png,facemask-dataset/annotations/maksssksksss550.xml
facemask-dataset/images/maksssksksss233.png,facemask-dataset/annotations/maksssksksss233.xml
facemask-dataset/images/maksssksksss71.png,facemask-dataset/annotations/maksssksksss71.xml
facemask-dataset/images/maksssksksss628.png,facemask-dataset/annotations/maksssksksss628.xml
facemask-dataset/images/maksssksksss211.png,facemask-dataset/annotations/maksssksksss211.xml
facemask-dataset/images/maksssksksss616.png,facemask-dataset/annotations/maksssksksss616.xml
facemask-dataset/images/maksssksksss114.png,facemask-dataset/annotations/maksssksksss114.xml
facemask-dataset/images/maksssksksss831.png,facemask-dataset/annotations/maksssksksss831.xml
facemask-dataset/images/maksssksksss683.png,facemask-dataset/annotations/maksssksksss683.xml
facemask-dataset/images/maksssksksss462.png,facemask-dataset/annotations/maksssksksss462.xml
facemask-dataset/images/maksssksksss278.png,facemask-dataset/annotations/maksssksksss278.xml
facemask-dataset/images/maksssksksss735.png,facemask-dataset/annotations/maksssksksss735.xml
facemask-dataset/images/maksssksksss9.png,facemask-dataset/annotations/maksssksksss9.xml
facemask-dataset/images/maksssksksss242.png,facemask-dataset/annotations/maksssksksss242.xml
facemask-dataset/images/maksssksksss675.png,facemask-dataset/annotations/maksssksksss675.xml
facemask-dataset/images/maksssksksss612.png,facemask-dataset/annotations/maksssksksss612.xml
facemask-dataset/images/maksssksksss62.png,facemask-dataset/annotations/maksssksksss62.xml
facemask-dataset/images/maksssksksss615.png,facemask-dataset/annotations/maksssksksss615.xml
facemask-dataset/images/maksssksksss566.png,facemask-dataset/annotations/maksssksksss566.xml
facemask-dataset/images/maksssksksss687.png,facemask-dataset/annotations/maksssksksss687.xml
facemask-dataset/images/maksssksksss209.png,facemask-dataset/annotations/maksssksksss209.xml
facemask-dataset/images/maksssksksss308.png,facemask-dataset/annotations/maksssksksss308.xml
facemask-dataset/images/maksssksksss832.png,facemask-dataset/annotations/maksssksksss832.xml
facemask-dataset/images/maksssksksss398.png,facemask-dataset/annotations/maksssksksss398.xml
facemask-dataset/images/maksssksksss827.png,facemask-dataset/annotations/maksssksksss827.xml
facemask-dataset/images/maksssksksss204.png,facemask-dataset/annotations/maksssksksss204.xml
facemask-dataset/images/maksssksksss740.png,facemask-dataset/annotations/maksssksksss740.xml
facemask-dataset/images/maksssksksss361.png,facemask-dataset/annotations/maksssksksss361.xml
facemask-dataset/images/maksssksksss360.png,facemask-dataset/annotations/maksssksksss360.xml
facemask-dataset/images/maksssksksss429.png,facemask-dataset/annotations/maksssksksss429.xml
facemask-dataset/images/maksssksksss51.png,facemask-dataset/annotations/maksssksksss51.xml
facemask-dataset/images/maksssksksss164.png,facemask-dataset/annotations/maksssksksss164.xml
facemask-dataset/images/maksssksksss503.png,facemask-dataset/annotations/maksssksksss503.xml
facemask-dataset/images/maksssksksss331.png,facemask-dataset/annotations/maksssksksss331.xml
facemask-dataset/images/maksssksksss754.png,facemask-dataset/annotations/maksssksksss754.xml
facemask-dataset/images/maksssksksss483.png,facemask-dataset/annotations/maksssksksss483.xml
facemask-dataset/images/maksssksksss241.png,facemask-dataset/annotations/maksssksksss241.xml
facemask-dataset/images/maksssksksss486.png,facemask-dataset/annotations/maksssksksss486.xml
facemask-dataset/images/maksssksksss73.png,facemask-dataset/annotations/maksssksksss73.xml
facemask-dataset/images/maksssksksss790.png,facemask-dataset/annotations/maksssksksss790.xml
facemask-dataset/images/maksssksksss94.png,facemask-dataset/annotations/maksssksksss94.xml
facemask-dataset/images/maksssksksss264.png,facemask-dataset/annotations/maksssksksss264.xml
facemask-dataset/images/maksssksksss194.png,facemask-dataset/annotations/maksssksksss194.xml
facemask-dataset/images/maksssksksss325.png,facemask-dataset/annotations/maksssksksss325.xml
facemask-dataset/images/maksssksksss620.png,facemask-dataset/annotations/maksssksksss620.xml
facemask-dataset/images/maksssksksss56.png,facemask-dataset/annotations/maksssksksss56.xml
facemask-dataset/images/maksssksksss668.png,facemask-dataset/annotations/maksssksksss668.xml
facemask-dataset/images/maksssksksss681.png,facemask-dataset/annotations/maksssksksss681.xml
facemask-dataset/images/maksssksksss75.png,facemask-dataset/annotations/maksssksksss75.xml
facemask-dataset/images/maksssksksss511.png,facemask-dataset/annotations/maksssksksss511.xml
facemask-dataset/images/maksssksksss70.png,facemask-dataset/annotations/maksssksksss70.xml
facemask-dataset/images/maksssksksss202.png,facemask-dataset/annotations/maksssksksss202.xml
facemask-dataset/images/maksssksksss277.png,facemask-dataset/annotations/maksssksksss277.xml
facemask-dataset/images/maksssksksss500.png,facemask-dataset/annotations/maksssksksss500.xml
facemask-dataset/images/maksssksksss404.png,facemask-dataset/annotations/maksssksksss404.xml
facemask-dataset/images/maksssksksss175.png,facemask-dataset/annotations/maksssksksss175.xml
facemask-dataset/images/maksssksksss310.png,facemask-dataset/annotations/maksssksksss310.xml
facemask-dataset/images/maksssksksss517.png,facemask-dataset/annotations/maksssksksss517.xml
facemask-dataset/images/maksssksksss685.png,facemask-dataset/annotations/maksssksksss685.xml
facemask-dataset/images/maksssksksss336.png,facemask-dataset/annotations/maksssksksss336.xml
facemask-dataset/images/maksssksksss525.png,facemask-dataset/annotations/maksssksksss525.xml
facemask-dataset/images/maksssksksss19.png,facemask-dataset/annotations/maksssksksss19.xml
facemask-dataset/images/maksssksksss553.png,facemask-dataset/annotations/maksssksksss553.xml
facemask-dataset/images/maksssksksss580.png,facemask-dataset/annotations/maksssksksss580.xml
facemask-dataset/images/maksssksksss153.png,facemask-dataset/annotations/maksssksksss153.xml
facemask-dataset/images/maksssksksss455.png,facemask-dataset/annotations/maksssksksss455.xml
facemask-dataset/images/maksssksksss383.png,facemask-dataset/annotations/maksssksksss383.xml
facemask-dataset/images/maksssksksss760.png,facemask-dataset/annotations/maksssksksss760.xml
facemask-dataset/images/maksssksksss147.png,facemask-dataset/annotations/maksssksksss147.xml
facemask-dataset/images/maksssksksss443.png,facemask-dataset/annotations/maksssksksss443.xml
facemask-dataset/images/maksssksksss300.png,facemask-dataset/annotations/maksssksksss300.xml
facemask-dataset/images/maksssksksss567.png,facemask-dataset/annotations/maksssksksss567.xml
facemask-dataset/images/maksssksksss609.png,facemask-dataset/annotations/maksssksksss609.xml
facemask-dataset/images/maksssksksss543.png,facemask-dataset/annotations/maksssksksss543.xml
facemask-dataset/images/maksssksksss365.png,facemask-dataset/annotations/maksssksksss365.xml
facemask-dataset/images/maksssksksss773.png,facemask-dataset/annotations/maksssksksss773.xml
facemask-dataset/images/maksssksksss524.png,facemask-dataset/annotations/maksssksksss524.xml
facemask-dataset/images/maksssksksss292.png,facemask-dataset/annotations/maksssksksss292.xml
facemask-dataset/images/maksssksksss143.png,facemask-dataset/annotations/maksssksksss143.xml
facemask-dataset/images/maksssksksss602.png,facemask-dataset/annotations/maksssksksss602.xml
facemask-dataset/images/maksssksksss31.png,facemask-dataset/annotations/maksssksksss31.xml
facemask-dataset/images/maksssksksss97.png,facemask-dataset/annotations/maksssksksss97.xml
facemask-dataset/images/maksssksksss173.png,facemask-dataset/annotations/maksssksksss173.xml
facemask-dataset/images/maksssksksss105.png,facemask-dataset/annotations/maksssksksss105.xml
facemask-dataset/images/maksssksksss520.png,facemask-dataset/annotations/maksssksksss520.xml
facemask-dataset/images/maksssksksss206.png,facemask-dataset/annotations/maksssksksss206.xml
facemask-dataset/images/maksssksksss844.png,facemask-dataset/annotations/maksssksksss844.xml
facemask-dataset/images/maksssksksss561.png,facemask-dataset/annotations/maksssksksss561.xml
facemask-dataset/images/maksssksksss100.png,facemask-dataset/annotations/maksssksksss100.xml
facemask-dataset/images/maksssksksss346.png,facemask-dataset/annotations/maksssksksss346.xml
facemask-dataset/images/maksssksksss509.png,facemask-dataset/annotations/maksssksksss509.xml
facemask-dataset/images/maksssksksss823.png,facemask-dataset/annotations/maksssksksss823.xml
facemask-dataset/images/maksssksksss384.png,facemask-dataset/annotations/maksssksksss384.xml
facemask-dataset/images/maksssksksss556.png,facemask-dataset/annotations/maksssksksss556.xml
facemask-dataset/images/maksssksksss271.png,facemask-dataset/annotations/maksssksksss271.xml
facemask-dataset/images/maksssksksss421.png,facemask-dataset/annotations/maksssksksss421.xml
facemask-dataset/images/maksssksksss811.png,facemask-dataset/annotations/maksssksksss811.xml
facemask-dataset/images/maksssksksss488.png,facemask-dataset/annotations/maksssksksss488.xml
facemask-dataset/images/maksssksksss379.png,facemask-dataset/annotations/maksssksksss379.xml
facemask-dataset/images/maksssksksss95.png,facemask-dataset/annotations/maksssksksss95.xml
facemask-dataset/images/maksssksksss492.png,facemask-dataset/annotations/maksssksksss492.xml
facemask-dataset/images/maksssksksss673.png,facemask-dataset/annotations/maksssksksss673.xml
facemask-dataset/images/maksssksksss528.png,facemask-dataset/annotations/maksssksksss528.xml
facemask-dataset/images/maksssksksss635.png,facemask-dataset/annotations/maksssksksss635.xml
facemask-dataset/images/maksssksksss268.png,facemask-dataset/annotations/maksssksksss268.xml
facemask-dataset/images/maksssksksss743.png,facemask-dataset/annotations/maksssksksss743.xml
facemask-dataset/images/maksssksksss688.png,facemask-dataset/annotations/maksssksksss688.xml
facemask-dataset/images/maksssksksss342.png,facemask-dataset/annotations/maksssksksss342.xml
facemask-dataset/images/maksssksksss53.png,facemask-dataset/annotations/maksssksksss53.xml
facemask-dataset/images/maksssksksss428.png,facemask-dataset/annotations/maksssksksss428.xml
facemask-dataset/images/maksssksksss305.png,facemask-dataset/annotations/maksssksksss305.xml
facemask-dataset/images/maksssksksss459.png,facemask-dataset/annotations/maksssksksss459.xml
facemask-dataset/images/maksssksksss627.png,facemask-dataset/annotations/maksssksksss627.xml
facemask-dataset/images/maksssksksss551.png,facemask-dataset/annotations/maksssksksss551.xml
facemask-dataset/images/maksssksksss137.png,facemask-dataset/annotations/maksssksksss137.xml
facemask-dataset/images/maksssksksss267.png,facemask-dataset/annotations/maksssksksss267.xml
facemask-dataset/images/maksssksksss840.png,facemask-dataset/annotations/maksssksksss840.xml
facemask-dataset/images/maksssksksss180.png,facemask-dataset/annotations/maksssksksss180.xml
facemask-dataset/images/maksssksksss812.png,facemask-dataset/annotations/maksssksksss812.xml
facemask-dataset/images/maksssksksss835.png,facemask-dataset/annotations/maksssksksss835.xml
facemask-dataset/images/maksssksksss651.png,facemask-dataset/annotations/maksssksksss651.xml
facemask-dataset/images/maksssksksss662.png,facemask-dataset/annotations/maksssksksss662.xml
facemask-dataset/images/maksssksksss163.png,facemask-dataset/annotations/maksssksksss163.xml
facemask-dataset/images/maksssksksss727.png,facemask-dataset/annotations/maksssksksss727.xml
facemask-dataset/images/maksssksksss381.png,facemask-dataset/annotations/maksssksksss381.xml
facemask-dataset/images/maksssksksss667.png,facemask-dataset/annotations/maksssksksss667.xml
facemask-dataset/images/maksssksksss201.png,facemask-dataset/annotations/maksssksksss201.xml
facemask-dataset/images/maksssksksss142.png,facemask-dataset/annotations/maksssksksss142.xml
facemask-dataset/images/maksssksksss298.png,facemask-dataset/annotations/maksssksksss298.xml
facemask-dataset/images/maksssksksss749.png,facemask-dataset/annotations/maksssksksss749.xml
facemask-dataset/images/maksssksksss269.png,facemask-dataset/annotations/maksssksksss269.xml
facemask-dataset/images/maksssksksss40.png,facemask-dataset/annotations/maksssksksss40.xml
facemask-dataset/images/maksssksksss848.png,facemask-dataset/annotations/maksssksksss848.xml
facemask-dataset/images/maksssksksss440.png,facemask-dataset/annotations/maksssksksss440.xml
facemask-dataset/images/maksssksksss526.png,facemask-dataset/annotations/maksssksksss526.xml
facemask-dataset/images/maksssksksss544.png,facemask-dataset/annotations/maksssksksss544.xml
facemask-dataset/images/maksssksksss625.png,facemask-dataset/annotations/maksssksksss625.xml
facemask-dataset/images/maksssksksss741.png,facemask-dataset/annotations/maksssksksss741.xml
facemask-dataset/images/maksssksksss410.png,facemask-dataset/annotations/maksssksksss410.xml
facemask-dataset/images/maksssksksss216.png,facemask-dataset/annotations/maksssksksss216.xml
facemask-dataset/images/maksssksksss705.png,facemask-dataset/annotations/maksssksksss705.xml
facemask-dataset/images/maksssksksss270.png,facemask-dataset/annotations/maksssksksss270.xml
facemask-dataset/images/maksssksksss518.png,facemask-dataset/annotations/maksssksksss518.xml
facemask-dataset/images/maksssksksss784.png,facemask-dataset/annotations/maksssksksss784.xml
facemask-dataset/images/maksssksksss454.png,facemask-dataset/annotations/maksssksksss454.xml
facemask-dataset/images/maksssksksss387.png,facemask-dataset/annotations/maksssksksss387.xml
facemask-dataset/images/maksssksksss619.png,facemask-dataset/annotations/maksssksksss619.xml
facemask-dataset/images/maksssksksss121.png,facemask-dataset/annotations/maksssksksss121.xml
facemask-dataset/images/maksssksksss84.png,facemask-dataset/annotations/maksssksksss84.xml
facemask-dataset/images/maksssksksss624.png,facemask-dataset/annotations/maksssksksss624.xml
facemask-dataset/images/maksssksksss583.png,facemask-dataset/annotations/maksssksksss583.xml
facemask-dataset/images/maksssksksss841.png,facemask-dataset/annotations/maksssksksss841.xml
facemask-dataset/images/maksssksksss453.png,facemask-dataset/annotations/maksssksksss453.xml
facemask-dataset/images/maksssksksss359.png,facemask-dataset/annotations/maksssksksss359.xml
facemask-dataset/images/maksssksksss350.png,facemask-dataset/annotations/maksssksksss350.xml
facemask-dataset/images/maksssksksss148.png,facemask-dataset/annotations/maksssksksss148.xml
facemask-dataset/images/maksssksksss787.png,facemask-dataset/annotations/maksssksksss787.xml
facemask-dataset/images/maksssksksss157.png,facemask-dataset/annotations/maksssksksss157.xml
facemask-dataset/images/maksssksksss588.png,facemask-dataset/annotations/maksssksksss588.xml
facemask-dataset/images/maksssksksss570.png,facemask-dataset/annotations/maksssksksss570.xml
facemask-dataset/images/maksssksksss546.png,facemask-dataset/annotations/maksssksksss546.xml
facemask-dataset/images/maksssksksss631.png,facemask-dataset/annotations/maksssksksss631.xml
facemask-dataset/images/maksssksksss408.png,facemask-dataset/annotations/maksssksksss408.xml
facemask-dataset/images/maksssksksss283.png,facemask-dataset/annotations/maksssksksss283.xml
facemask-dataset/images/maksssksksss417.png,facemask-dataset/annotations/maksssksksss417.xml
facemask-dataset/images/maksssksksss487.png,facemask-dataset/annotations/maksssksksss487.xml
facemask-dataset/images/maksssksksss282.png,facemask-dataset/annotations/maksssksksss282.xml
facemask-dataset/images/maksssksksss341.png,facemask-dataset/annotations/maksssksksss341.xml
facemask-dataset/images/maksssksksss403.png,facemask-dataset/annotations/maksssksksss403.xml
facemask-dataset/images/maksssksksss199.png,facemask-dataset/annotations/maksssksksss199.xml
facemask-dataset/images/maksssksksss552.png,facemask-dataset/annotations/maksssksksss552.xml
facemask-dataset/images/maksssksksss296.png,facemask-dataset/annotations/maksssksksss296.xml
facemask-dataset/images/maksssksksss450.png,facemask-dataset/annotations/maksssksksss450.xml
facemask-dataset/images/maksssksksss678.png,facemask-dataset/annotations/maksssksksss678.xml
facemask-dataset/images/maksssksksss838.png,facemask-dataset/annotations/maksssksksss838.xml
facemask-dataset/images/maksssksksss431.png,facemask-dataset/annotations/maksssksksss431.xml
facemask-dataset/images/maksssksksss457.png,facemask-dataset/annotations/maksssksksss457.xml
facemask-dataset/images/maksssksksss111.png,facemask-dataset/annotations/maksssksksss111.xml
facemask-dataset/images/maksssksksss243.png,facemask-dataset/annotations/maksssksksss243.xml
facemask-dataset/images/maksssksksss54.png,facemask-dataset/annotations/maksssksksss54.xml
facemask-dataset/images/maksssksksss258.png,facemask-dataset/annotations/maksssksksss258.xml
facemask-dataset/images/maksssksksss560.png,facemask-dataset/annotations/maksssksksss560.xml
facemask-dataset/images/maksssksksss156.png,facemask-dataset/annotations/maksssksksss156.xml
facemask-dataset/images/maksssksksss389.png,facemask-dataset/annotations/maksssksksss389.xml
facemask-dataset/images/maksssksksss590.png,facemask-dataset/annotations/maksssksksss590.xml
facemask-dataset/images/maksssksksss373.png,facemask-dataset/annotations/maksssksksss373.xml
facemask-dataset/images/maksssksksss819.png,facemask-dataset/annotations/maksssksksss819.xml
facemask-dataset/images/maksssksksss471.png,facemask-dataset/annotations/maksssksksss471.xml
facemask-dataset/images/maksssksksss120.png,facemask-dataset/annotations/maksssksksss120.xml
facemask-dataset/images/maksssksksss523.png,facemask-dataset/annotations/maksssksksss523.xml
facemask-dataset/images/maksssksksss765.png,facemask-dataset/annotations/maksssksksss765.xml
facemask-dataset/images/maksssksksss611.png,facemask-dataset/annotations/maksssksksss611.xml
facemask-dataset/images/maksssksksss519.png,facemask-dataset/annotations/maksssksksss519.xml
facemask-dataset/images/maksssksksss7.png,facemask-dataset/annotations/maksssksksss7.xml
facemask-dataset/images/maksssksksss425.png,facemask-dataset/annotations/maksssksksss425.xml
facemask-dataset/images/maksssksksss734.png,facemask-dataset/annotations/maksssksksss734.xml
facemask-dataset/images/maksssksksss788.png,facemask-dataset/annotations/maksssksksss788.xml
facemask-dataset/images/maksssksksss129.png,facemask-dataset/annotations/maksssksksss129.xml
facemask-dataset/images/maksssksksss328.png,facemask-dataset/annotations/maksssksksss328.xml
facemask-dataset/images/maksssksksss703.png,facemask-dataset/annotations/maksssksksss703.xml
facemask-dataset/images/maksssksksss250.png,facemask-dataset/annotations/maksssksksss250.xml
facemask-dataset/images/maksssksksss452.png,facemask-dataset/annotations/maksssksksss452.xml
facemask-dataset/images/maksssksksss558.png,facemask-dataset/annotations/maksssksksss558.xml
facemask-dataset/images/maksssksksss726.png,facemask-dataset/annotations/maksssksksss726.xml
facemask-dataset/images/maksssksksss613.png,facemask-dataset/annotations/maksssksksss613.xml
facemask-dataset/images/maksssksksss127.png,facemask-dataset/annotations/maksssksksss127.xml
facemask-dataset/images/maksssksksss32.png,facemask-dataset/annotations/maksssksksss32.xml
facemask-dataset/images/maksssksksss645.png,facemask-dataset/annotations/maksssksksss645.xml
facemask-dataset/images/maksssksksss133.png,facemask-dataset/annotations/maksssksksss133.xml
facemask-dataset/images/maksssksksss789.png,facemask-dataset/annotations/maksssksksss789.xml
facemask-dataset/images/maksssksksss93.png,facemask-dataset/annotations/maksssksksss93.xml
facemask-dataset/images/maksssksksss74.png,facemask-dataset/annotations/maksssksksss74.xml
facemask-dataset/images/maksssksksss306.png,facemask-dataset/annotations/maksssksksss306.xml
facemask-dataset/images/maksssksksss43.png,facemask-dataset/annotations/maksssksksss43.xml
facemask-dataset/images/maksssksksss125.png,facemask-dataset/annotations/maksssksksss125.xml
facemask-dataset/images/maksssksksss798.png,facemask-dataset/annotations/maksssksksss798.xml
facemask-dataset/images/maksssksksss424.png,facemask-dataset/annotations/maksssksksss424.xml
facemask-dataset/images/maksssksksss637.png,facemask-dataset/annotations/maksssksksss637.xml
facemask-dataset/images/maksssksksss214.png,facemask-dataset/annotations/maksssksksss214.xml
facemask-dataset/images/maksssksksss29.png,facemask-dataset/annotations/maksssksksss29.xml
facemask-dataset/images/maksssksksss182.png,facemask-dataset/annotations/maksssksksss182.xml
facemask-dataset/images/maksssksksss477.png,facemask-dataset/annotations/maksssksksss477.xml
facemask-dataset/images/maksssksksss444.png,facemask-dataset/annotations/maksssksksss444.xml
facemask-dataset/images/maksssksksss563.png,facemask-dataset/annotations/maksssksksss563.xml
facemask-dataset/images/maksssksksss527.png,facemask-dataset/annotations/maksssksksss527.xml
facemask-dataset/images/maksssksksss207.png,facemask-dataset/annotations/maksssksksss207.xml
facemask-dataset/images/maksssksksss391.png,facemask-dataset/annotations/maksssksksss391.xml
facemask-dataset/images/maksssksksss135.png,facemask-dataset/annotations/maksssksksss135.xml
facemask-dataset/images/maksssksksss569.png,facemask-dataset/annotations/maksssksksss569.xml
facemask-dataset/images/maksssksksss729.png,facemask-dataset/annotations/maksssksksss729.xml
facemask-dataset/images/maksssksksss513.png,facemask-dataset/annotations/maksssksksss513.xml
facemask-dataset/images/maksssksksss654.png,facemask-dataset/annotations/maksssksksss654.xml
facemask-dataset/images/maksssksksss15.png,facemask-dataset/annotations/maksssksksss15.xml
facemask-dataset/images/maksssksksss536.png,facemask-dataset/annotations/maksssksksss536.xml
facemask-dataset/images/maksssksksss521.png,facemask-dataset/annotations/maksssksksss521.xml
facemask-dataset/images/maksssksksss516.png,facemask-dataset/annotations/maksssksksss516.xml
facemask-dataset/images/maksssksksss119.png,facemask-dataset/annotations/maksssksksss119.xml
facemask-dataset/images/maksssksksss568.png,facemask-dataset/annotations/maksssksksss568.xml
facemask-dataset/images/maksssksksss285.png,facemask-dataset/annotations/maksssksksss285.xml
facemask-dataset/images/maksssksksss132.png,facemask-dataset/annotations/maksssksksss132.xml
facemask-dataset/images/maksssksksss307.png,facemask-dataset/annotations/maksssksksss307.xml
facemask-dataset/images/maksssksksss367.png,facemask-dataset/annotations/maksssksksss367.xml
facemask-dataset/images/maksssksksss496.png,facemask-dataset/annotations/maksssksksss496.xml
facemask-dataset/images/maksssksksss778.png,facemask-dataset/annotations/maksssksksss778.xml
facemask-dataset/images/maksssksksss565.png,facemask-dataset/annotations/maksssksksss565.xml
facemask-dataset/images/maksssksksss217.png,facemask-dataset/annotations/maksssksksss217.xml
facemask-dataset/images/maksssksksss392.png,facemask-dataset/annotations/maksssksksss392.xml
facemask-dataset/images/maksssksksss451.png,facemask-dataset/annotations/maksssksksss451.xml
facemask-dataset/images/maksssksksss640.png,facemask-dataset/annotations/maksssksksss640.xml
facemask-dataset/images/maksssksksss463.png,facemask-dataset/annotations/maksssksksss463.xml
facemask-dataset/images/maksssksksss782.png,facemask-dataset/annotations/maksssksksss782.xml
facemask-dataset/images/maksssksksss286.png,facemask-dataset/annotations/maksssksksss286.xml
facemask-dataset/images/maksssksksss280.png,facemask-dataset/annotations/maksssksksss280.xml
facemask-dataset/images/maksssksksss529.png,facemask-dataset/annotations/maksssksksss529.xml
facemask-dataset/images/maksssksksss254.png,facemask-dataset/annotations/maksssksksss254.xml
facemask-dataset/images/maksssksksss531.png,facemask-dataset/annotations/maksssksksss531.xml
facemask-dataset/images/maksssksksss652.png,facemask-dataset/annotations/maksssksksss652.xml
facemask-dataset/images/maksssksksss555.png,facemask-dataset/annotations/maksssksksss555.xml
facemask-dataset/images/maksssksksss64.png,facemask-dataset/annotations/maksssksksss64.xml
facemask-dataset/images/maksssksksss320.png,facemask-dataset/annotations/maksssksksss320.xml
facemask-dataset/images/maksssksksss717.png,facemask-dataset/annotations/maksssksksss717.xml
facemask-dataset/images/maksssksksss806.png,facemask-dataset/annotations/maksssksksss806.xml
facemask-dataset/images/maksssksksss753.png,facemask-dataset/annotations/maksssksksss753.xml
facemask-dataset/images/maksssksksss228.png,facemask-dataset/annotations/maksssksksss228.xml
facemask-dataset/images/maksssksksss501.png,facemask-dataset/annotations/maksssksksss501.xml
facemask-dataset/images/maksssksksss542.png,facemask-dataset/annotations/maksssksksss542.xml
facemask-dataset/images/maksssksksss394.png,facemask-dataset/annotations/maksssksksss394.xml
facemask-dataset/images/maksssksksss355.png,facemask-dataset/annotations/maksssksksss355.xml
facemask-dataset/images/maksssksksss57.png,facemask-dataset/annotations/maksssksksss57.xml
facemask-dataset/images/maksssksksss666.png,facemask-dataset/annotations/maksssksksss666.xml
facemask-dataset/images/maksssksksss13.png,facemask-dataset/annotations/maksssksksss13.xml
facemask-dataset/images/maksssksksss311.png,facemask-dataset/annotations/maksssksksss311.xml
facemask-dataset/images/maksssksksss725.png,facemask-dataset/annotations/maksssksksss725.xml
facemask-dataset/images/maksssksksss514.png,facemask-dataset/annotations/maksssksksss514.xml
facemask-dataset/images/maksssksksss149.png,facemask-dataset/annotations/maksssksksss149.xml
facemask-dataset/images/maksssksksss438.png,facemask-dataset/annotations/maksssksksss438.xml
facemask-dataset/images/maksssksksss219.png,facemask-dataset/annotations/maksssksksss219.xml
facemask-dataset/images/maksssksksss253.png,facemask-dataset/annotations/maksssksksss253.xml
facemask-dataset/images/maksssksksss593.png,facemask-dataset/annotations/maksssksksss593.xml
facemask-dataset/images/maksssksksss380.png,facemask-dataset/annotations/maksssksksss380.xml
facemask-dataset/images/maksssksksss248.png,facemask-dataset/annotations/maksssksksss248.xml
facemask-dataset/images/maksssksksss833.png,facemask-dataset/annotations/maksssksksss833.xml
facemask-dataset/images/maksssksksss96.png,facemask-dataset/annotations/maksssksksss96.xml
facemask-dataset/images/maksssksksss123.png,facemask-dataset/annotations/maksssksksss123.xml
facemask-dataset/images/maksssksksss176.png,facemask-dataset/annotations/maksssksksss176.xml
facemask-dataset/images/maksssksksss58.png,facemask-dataset/annotations/maksssksksss58.xml
facemask-dataset/images/maksssksksss139.png,facemask-dataset/annotations/maksssksksss139.xml
facemask-dataset/images/maksssksksss820.png,facemask-dataset/annotations/maksssksksss820.xml
facemask-dataset/images/maksssksksss327.png,facemask-dataset/annotations/maksssksksss327.xml
facemask-dataset/images/maksssksksss33.png,facemask-dataset/annotations/maksssksksss33.xml
facemask-dataset/images/maksssksksss0.png,facemask-dataset/annotations/maksssksksss0.xml
facemask-dataset/images/maksssksksss17.png,facemask-dataset/annotations/maksssksksss17.xml
facemask-dataset/images/maksssksksss48.png,facemask-dataset/annotations/maksssksksss48.xml
facemask-dataset/images/maksssksksss293.png,facemask-dataset/annotations/maksssksksss293.xml
facemask-dataset/images/maksssksksss251.png,facemask-dataset/annotations/maksssksksss251.xml
facemask-dataset/images/maksssksksss439.png,facemask-dataset/annotations/maksssksksss439.xml
facemask-dataset/images/maksssksksss770.png,facemask-dataset/annotations/maksssksksss770.xml
facemask-dataset/images/maksssksksss830.png,facemask-dataset/annotations/maksssksksss830.xml
facemask-dataset/images/maksssksksss246.png,facemask-dataset/annotations/maksssksksss246.xml
facemask-dataset/images/maksssksksss507.png,facemask-dataset/annotations/maksssksksss507.xml
facemask-dataset/images/maksssksksss24.png,facemask-dataset/annotations/maksssksksss24.xml
facemask-dataset/images/maksssksksss510.png,facemask-dataset/annotations/maksssksksss510.xml
facemask-dataset/images/maksssksksss713.png,facemask-dataset/annotations/maksssksksss713.xml
facemask-dataset/images/maksssksksss698.png,facemask-dataset/annotations/maksssksksss698.xml
facemask-dataset/images/maksssksksss577.png,facemask-dataset/annotations/maksssksksss577.xml
facemask-dataset/images/maksssksksss368.png,facemask-dataset/annotations/maksssksksss368.xml
facemask-dataset/images/maksssksksss537.png,facemask-dataset/annotations/maksssksksss537.xml
facemask-dataset/images/maksssksksss736.png,facemask-dataset/annotations/maksssksksss736.xml
facemask-dataset/images/maksssksksss377.png,facemask-dataset/annotations/maksssksksss377.xml
facemask-dataset/images/maksssksksss302.png,facemask-dataset/annotations/maksssksksss302.xml
facemask-dataset/images/maksssksksss449.png,facemask-dataset/annotations/maksssksksss449.xml
facemask-dataset/images/maksssksksss190.png,facemask-dataset/annotations/maksssksksss190.xml
facemask-dataset/images/maksssksksss538.png,facemask-dataset/annotations/maksssksksss538.xml
facemask-dataset/images/maksssksksss472.png,facemask-dataset/annotations/maksssksksss472.xml
facemask-dataset/images/maksssksksss834.png,facemask-dataset/annotations/maksssksksss834.xml
facemask-dataset/images/maksssksksss14.png,facemask-dataset/annotations/maksssksksss14.xml
facemask-dataset/images/maksssksksss718.png,facemask-dataset/annotations/maksssksksss718.xml
facemask-dataset/images/maksssksksss821.png,facemask-dataset/annotations/maksssksksss821.xml
facemask-dataset/images/maksssksksss815.png,facemask-dataset/annotations/maksssksksss815.xml
facemask-dataset/images/maksssksksss532.png,facemask-dataset/annotations/maksssksksss532.xml
facemask-dataset/images/maksssksksss634.png,facemask-dataset/annotations/maksssksksss634.xml
facemask-dataset/images/maksssksksss168.png,facemask-dataset/annotations/maksssksksss168.xml
facemask-dataset/images/maksssksksss491.png,facemask-dataset/annotations/maksssksksss491.xml
facemask-dataset/images/maksssksksss370.png,facemask-dataset/annotations/maksssksksss370.xml
facemask-dataset/images/maksssksksss21.png,facemask-dataset/annotations/maksssksksss21.xml
facemask-dataset/images/maksssksksss85.png,facemask-dataset/annotations/maksssksksss85.xml
facemask-dataset/images/maksssksksss642.png,facemask-dataset/annotations/maksssksksss642.xml
facemask-dataset/images/maksssksksss745.png,facemask-dataset/annotations/maksssksksss745.xml
facemask-dataset/images/maksssksksss20.png,facemask-dataset/annotations/maksssksksss20.xml
facemask-dataset/images/maksssksksss638.png,facemask-dataset/annotations/maksssksksss638.xml
facemask-dataset/images/maksssksksss5.png,facemask-dataset/annotations/maksssksksss5.xml
facemask-dataset/images/maksssksksss297.png,facemask-dataset/annotations/maksssksksss297.xml
facemask-dataset/images/maksssksksss28.png,facemask-dataset/annotations/maksssksksss28.xml
facemask-dataset/images/maksssksksss755.png,facemask-dataset/annotations/maksssksksss755.xml
facemask-dataset/images/maksssksksss99.png,facemask-dataset/annotations/maksssksksss99.xml
facemask-dataset/images/maksssksksss90.png,facemask-dataset/annotations/maksssksksss90.xml
facemask-dataset/images/maksssksksss330.png,facemask-dataset/annotations/maksssksksss330.xml
facemask-dataset/images/maksssksksss124.png,facemask-dataset/annotations/maksssksksss124.xml
facemask-dataset/images/maksssksksss203.png,facemask-dataset/annotations/maksssksksss203.xml
facemask-dataset/images/maksssksksss586.png,facemask-dataset/annotations/maksssksksss586.xml
facemask-dataset/images/maksssksksss646.png,facemask-dataset/annotations/maksssksksss646.xml
facemask-dataset/images/maksssksksss405.png,facemask-dataset/annotations/maksssksksss405.xml
facemask-dataset/images/maksssksksss716.png,facemask-dataset/annotations/maksssksksss716.xml
facemask-dataset/images/maksssksksss618.png,facemask-dataset/annotations/maksssksksss618.xml
facemask-dataset/images/maksssksksss679.png,facemask-dataset/annotations/maksssksksss679.xml
facemask-dataset/images/maksssksksss594.png,facemask-dataset/annotations/maksssksksss594.xml
facemask-dataset/images/maksssksksss604.png,facemask-dataset/annotations/maksssksksss604.xml
facemask-dataset/images/maksssksksss852.png,facemask-dataset/annotations/maksssksksss852.xml
facemask-dataset/images/maksssksksss239.png,facemask-dataset/annotations/maksssksksss239.xml
facemask-dataset/images/maksssksksss808.png,facemask-dataset/annotations/maksssksksss808.xml
facemask-dataset/images/maksssksksss80.png,facemask-dataset/annotations/maksssksksss80.xml
facemask-dataset/images/maksssksksss747.png,facemask-dataset/annotations/maksssksksss747.xml
facemask-dataset/images/maksssksksss1.png,facemask-dataset/annotations/maksssksksss1.xml
facemask-dataset/images/maksssksksss767.png,facemask-dataset/annotations/maksssksksss767.xml
facemask-dataset/images/maksssksksss481.png,facemask-dataset/annotations/maksssksksss481.xml
facemask-dataset/images/maksssksksss816.png,facemask-dataset/annotations/maksssksksss816.xml
facemask-dataset/images/maksssksksss399.png,facemask-dataset/annotations/maksssksksss399.xml
facemask-dataset/images/maksssksksss407.png,facemask-dataset/annotations/maksssksksss407.xml
facemask-dataset/images/maksssksksss847.png,facemask-dataset/annotations/maksssksksss847.xml
facemask-dataset/images/maksssksksss626.png,facemask-dataset/annotations/maksssksksss626.xml
facemask-dataset/images/maksssksksss554.png,facemask-dataset/annotations/maksssksksss554.xml
facemask-dataset/images/maksssksksss174.png,facemask-dataset/annotations/maksssksksss174.xml
facemask-dataset/images/maksssksksss152.png,facemask-dataset/annotations/maksssksksss152.xml
facemask-dataset/images/maksssksksss234.png,facemask-dataset/annotations/maksssksksss234.xml
facemask-dataset/images/maksssksksss172.png,facemask-dataset/annotations/maksssksksss172.xml
facemask-dataset/images/maksssksksss441.png,facemask-dataset/annotations/maksssksksss441.xml
facemask-dataset/images/maksssksksss665.png,facemask-dataset/annotations/maksssksksss665.xml
facemask-dataset/images/maksssksksss116.png,facemask-dataset/annotations/maksssksksss116.xml
facemask-dataset/images/maksssksksss764.png,facemask-dataset/annotations/maksssksksss764.xml
facemask-dataset/images/maksssksksss762.png,facemask-dataset/annotations/maksssksksss762.xml
facemask-dataset/images/maksssksksss470.png,facemask-dataset/annotations/maksssksksss470.xml
facemask-dataset/images/maksssksksss237.png,facemask-dataset/annotations/maksssksksss237.xml
facemask-dataset/images/maksssksksss539.png,facemask-dataset/annotations/maksssksksss539.xml
facemask-dataset/images/maksssksksss229.png,facemask-dataset/annotations/maksssksksss229.xml
facemask-dataset/images/maksssksksss374.png,facemask-dataset/annotations/maksssksksss374.xml
facemask-dataset/images/maksssksksss349.png,facemask-dataset/annotations/maksssksksss349.xml
facemask-dataset/images/maksssksksss326.png,facemask-dataset/annotations/maksssksksss326.xml
facemask-dataset/images/maksssksksss732.png,facemask-dataset/annotations/maksssksksss732.xml
facemask-dataset/images/maksssksksss587.png,facemask-dataset/annotations/maksssksksss587.xml
facemask-dataset/images/maksssksksss255.png,facemask-dataset/annotations/maksssksksss255.xml
facemask-dataset/images/maksssksksss810.png,facemask-dataset/annotations/maksssksksss810.xml
facemask-dataset/images/maksssksksss134.png,facemask-dataset/annotations/maksssksksss134.xml
facemask-dataset/images/maksssksksss159.png,facemask-dataset/annotations/maksssksksss159.xml
facemask-dataset/images/maksssksksss388.png,facemask-dataset/annotations/maksssksksss388.xml
facemask-dataset/images/maksssksksss684.png,facemask-dataset/annotations/maksssksksss684.xml
facemask-dataset/images/maksssksksss98.png,facemask-dataset/annotations/maksssksksss98.xml
facemask-dataset/images/maksssksksss779.png,facemask-dataset/annotations/maksssksksss779.xml
facemask-dataset/images/maksssksksss672.png,facemask-dataset/annotations/maksssksksss672.xml
facemask-dataset/images/maksssksksss562.png,facemask-dataset/annotations/maksssksksss562.xml
facemask-dataset/images/maksssksksss739.png,facemask-dataset/annotations/maksssksksss739.xml
facemask-dataset/images/maksssksksss694.png,facemask-dataset/annotations/maksssksksss694.xml
facemask-dataset/images/maksssksksss244.png,facemask-dataset/annotations/maksssksksss244.xml
facemask-dataset/images/maksssksksss102.png,facemask-dataset/annotations/maksssksksss102.xml
facemask-dataset/images/maksssksksss260.png,facemask-dataset/annotations/maksssksksss260.xml
facemask-dataset/images/maksssksksss193.png,facemask-dataset/annotations/maksssksksss193.xml
facemask-dataset/images/maksssksksss86.png,facemask-dataset/annotations/maksssksksss86.xml
facemask-dataset/images/maksssksksss750.png,facemask-dataset/annotations/maksssksksss750.xml
facemask-dataset/images/maksssksksss701.png,facemask-dataset/annotations/maksssksksss701.xml
facemask-dataset/images/maksssksksss6.png,facemask-dataset/annotations/maksssksksss6.xml
facemask-dataset/images/maksssksksss783.png,facemask-dataset/annotations/maksssksksss783.xml
facemask-dataset/images/maksssksksss774.png,facemask-dataset/annotations/maksssksksss774.xml
facemask-dataset/images/maksssksksss409.png,facemask-dataset/annotations/maksssksksss409.xml
facemask-dataset/images/maksssksksss288.png,facemask-dataset/annotations/maksssksksss288.xml
facemask-dataset/images/maksssksksss155.png,facemask-dataset/annotations/maksssksksss155.xml
facemask-dataset/images/maksssksksss682.png,facemask-dataset/annotations/maksssksksss682.xml
facemask-dataset/images/maksssksksss564.png,facemask-dataset/annotations/maksssksksss564.xml
facemask-dataset/images/maksssksksss192.png,facemask-dataset/annotations/maksssksksss192.xml
facemask-dataset/images/maksssksksss130.png,facemask-dataset/annotations/maksssksksss130.xml
facemask-dataset/images/maksssksksss768.png,facemask-dataset/annotations/maksssksksss768.xml
facemask-dataset/images/maksssksksss128.png,facemask-dataset/annotations/maksssksksss128.xml
facemask-dataset/images/maksssksksss395.png,facemask-dataset/annotations/maksssksksss395.xml
facemask-dataset/images/maksssksksss151.png,facemask-dataset/annotations/maksssksksss151.xml
facemask-dataset/images/maksssksksss482.png,facemask-dataset/annotations/maksssksksss482.xml
facemask-dataset/images/maksssksksss711.png,facemask-dataset/annotations/maksssksksss711.xml
facemask-dataset/images/maksssksksss385.png,facemask-dataset/annotations/maksssksksss385.xml
facemask-dataset/images/maksssksksss603.png,facemask-dataset/annotations/maksssksksss603.xml
facemask-dataset/images/maksssksksss170.png,facemask-dataset/annotations/maksssksksss170.xml
facemask-dataset/images/maksssksksss794.png,facemask-dataset/annotations/maksssksksss794.xml
facemask-dataset/images/maksssksksss647.png,facemask-dataset/annotations/maksssksksss647.xml
facemask-dataset/images/maksssksksss707.png,facemask-dataset/annotations/maksssksksss707.xml
facemask-dataset/images/maksssksksss639.png,facemask-dataset/annotations/maksssksksss639.xml
