image_path,annotation_path
facemask-dataset/images/maksssksksss824.png,facemask-dataset/annotations/maksssksksss824.xml
facemask-dataset/images/maksssksksss44.png,facemask-dataset/annotations/maksssksksss44.xml
facemask-dataset/images/maksssksksss710.png,facemask-dataset/annotations/maksssksksss710.xml
facemask-dataset/images/maksssksksss804.png,facemask-dataset/annotations/maksssksksss804.xml
facemask-dataset/images/maksssksksss589.png,facemask-dataset/annotations/maksssksksss589.xml
facemask-dataset/images/maksssksksss104.png,facemask-dataset/annotations/maksssksksss104.xml
facemask-dataset/images/maksssksksss67.png,facemask-dataset/annotations/maksssksksss67.xml
facemask-dataset/images/maksssksksss294.png,facemask-dataset/annotations/maksssksksss294.xml
facemask-dataset/images/maksssksksss72.png,facemask-dataset/annotations/maksssksksss72.xml
facemask-dataset/images/maksssksksss636.png,facemask-dataset/annotations/maksssksksss636.xml
facemask-dataset/images/maksssksksss643.png,facemask-dataset/annotations/maksssksksss643.xml
facemask-dataset/images/maksssksksss46.png,facemask-dataset/annotations/maksssksksss46.xml
facemask-dataset/images/maksssksksss178.png,facemask-dataset/annotations/maksssksksss178.xml
facemask-dataset/images/maksssksksss420.png,facemask-dataset/annotations/maksssksksss420.xml
facemask-dataset/images/maksssksksss316.png,facemask-dataset/annotations/maksssksksss316.xml
facemask-dataset/images/maksssksksss657.png,facemask-dataset/annotations/maksssksksss657.xml
facemask-dataset/images/maksssksksss205.png,facemask-dataset/annotations/maksssksksss205.xml
facemask-dataset/images/maksssksksss559.png,facemask-dataset/annotations/maksssksksss559.xml
facemask-dataset/images/maksssksksss426.png,facemask-dataset/annotations/maksssksksss426.xml
facemask-dataset/images/maksssksksss317.png,facemask-dataset/annotations/maksssksksss317.xml
facemask-dataset/images/maksssksksss699.png,facemask-dataset/annotations/maksssksksss699.xml
facemask-dataset/images/maksssksksss746.png,facemask-dataset/annotations/maksssksksss746.xml
facemask-dataset/images/maksssksksss36.png,facemask-dataset/annotations/maksssksksss36.xml
facemask-dataset/images/maksssksksss332.png,facemask-dataset/annotations/maksssksksss332.xml
facemask-dataset/images/maksssksksss55.png,facemask-dataset/annotations/maksssksksss55.xml
facemask-dataset/images/maksssksksss464.png,facemask-dataset/annotations/maksssksksss464.xml
facemask-dataset/images/maksssksksss198.png,facemask-dataset/annotations/maksssksksss198.xml
facemask-dataset/images/maksssksksss101.png,facemask-dataset/annotations/maksssksksss101.xml
facemask-dataset/images/maksssksksss402.png,facemask-dataset/annotations/maksssksksss402.xml
facemask-dataset/images/maksssksksss68.png,facemask-dataset/annotations/maksssksksss68.xml
facemask-dataset/images/maksssksksss91.png,facemask-dataset/annotations/maksssksksss91.xml
facemask-dataset/images/maksssksksss545.png,facemask-dataset/annotations/maksssksksss545.xml
facemask-dataset/images/maksssksksss571.png,facemask-dataset/annotations/maksssksksss571.xml
facemask-dataset/images/maksssksksss50.png,facemask-dataset/annotations/maksssksksss50.xml
facemask-dataset/images/maksssksksss573.png,facemask-dataset/annotations/maksssksksss573.xml
facemask-dataset/images/maksssksksss490.png,facemask-dataset/annotations/maksssksksss490.xml
facemask-dataset/images/maksssksksss78.png,facemask-dataset/annotations/maksssksksss78.xml
facemask-dataset/images/maksssksksss69.png,facemask-dataset/annotations/maksssksksss69.xml
facemask-dataset/images/maksssksksss817.png,facemask-dataset/annotations/maksssksksss817.xml
facemask-dataset/images/maksssksksss723.png,facemask-dataset/annotations/maksssksksss723.xml
facemask-dataset/images/maksssksksss598.png,facemask-dataset/annotations/maksssksksss598.xml
facemask-dataset/images/maksssksksss109.png,facemask-dataset/annotations/maksssksksss109.xml
facemask-dataset/images/maksssksksss656.png,facemask-dataset/annotations/maksssksksss656.xml
facemask-dataset/images/maksssksksss557.png,facemask-dataset/annotations/maksssksksss557.xml
facemask-dataset/images/maksssksksss189.png,facemask-dataset/annotations/maksssksksss189.xml
facemask-dataset/images/maksssksksss476.png,facemask-dataset/annotations/maksssksksss476.xml
facemask-dataset/images/maksssksksss115.png,facemask-dataset/annotations/maksssksksss115.xml
facemask-dataset/images/maksssksksss689.png,facemask-dataset/annotations/maksssksksss689.xml
facemask-dataset/images/maksssksksss26.png,facemask-dataset/annotations/maksssksksss26.xml
facemask-dataset/images/maksssksksss227.png,facemask-dataset/annotations/maksssksksss227.xml
facemask-dataset/images/maksssksksss458.png,facemask-dataset/annotations/maksssksksss458.xml
facemask-dataset/images/maksssksksss530.png,facemask-dataset/annotations/maksssksksss530.xml
facemask-dataset/images/maksssksksss600.png,facemask-dataset/annotations/maksssksksss600.xml
facemask-dataset/images/maksssksksss347.png,facemask-dataset/annotations/maksssksksss347.xml
facemask-dataset/images/maksssksksss448.png,facemask-dataset/annotations/maksssksksss448.xml
facemask-dataset/images/maksssksksss117.png,facemask-dataset/annotations/maksssksksss117.xml
facemask-dataset/images/maksssksksss65.png,facemask-dataset/annotations/maksssksksss65.xml
facemask-dataset/images/maksssksksss167.png,facemask-dataset/annotations/maksssksksss167.xml
facemask-dataset/images/maksssksksss11.png,facemask-dataset/annotations/maksssksksss11.xml
facemask-dataset/images/maksssksksss265.png,facemask-dataset/annotations/maksssksksss265.xml
facemask-dataset/images/maksssksksss376.png,facemask-dataset/annotations/maksssksksss376.xml
facemask-dataset/images/maksssksksss266.png,facemask-dataset/annotations/maksssksksss266.xml
facemask-dataset/images/maksssksksss592.png,facemask-dataset/annotations/maksssksksss592.xml
facemask-dataset/images/maksssksksss828.png,facemask-dataset/annotations/maksssksksss828.xml
facemask-dataset/images/maksssksksss279.png,facemask-dataset/annotations/maksssksksss279.xml
facemask-dataset/images/maksssksksss849.png,facemask-dataset/annotations/maksssksksss849.xml
facemask-dataset/images/maksssksksss169.png,facemask-dataset/annotations/maksssksksss169.xml
facemask-dataset/images/maksssksksss771.png,facemask-dataset/annotations/maksssksksss771.xml
facemask-dataset/images/maksssksksss663.png,facemask-dataset/annotations/maksssksksss663.xml
facemask-dataset/images/maksssksksss413.png,facemask-dataset/annotations/maksssksksss413.xml
facemask-dataset/images/maksssksksss447.png,facemask-dataset/annotations/maksssksksss447.xml
facemask-dataset/images/maksssksksss540.png,facemask-dataset/annotations/maksssksksss540.xml
facemask-dataset/images/maksssksksss489.png,facemask-dataset/annotations/maksssksksss489.xml
facemask-dataset/images/maksssksksss369.png,facemask-dataset/annotations/maksssksksss369.xml
facemask-dataset/images/maksssksksss287.png,facemask-dataset/annotations/maksssksksss287.xml
facemask-dataset/images/maksssksksss671.png,facemask-dataset/annotations/maksssksksss671.xml
facemask-dataset/images/maksssksksss432.png,facemask-dataset/annotations/maksssksksss432.xml
facemask-dataset/images/maksssksksss791.png,facemask-dataset/annotations/maksssksksss791.xml
facemask-dataset/images/maksssksksss709.png,facemask-dataset/annotations/maksssksksss709.xml
facemask-dataset/images/maksssksksss353.png,facemask-dataset/annotations/maksssksksss353.xml
facemask-dataset/images/maksssksksss621.png,facemask-dataset/annotations/maksssksksss621.xml
facemask-dataset/images/maksssksksss60.png,facemask-dataset/annotations/maksssksksss60.xml
facemask-dataset/images/maksssksksss769.png,facemask-dataset/annotations/maksssksksss769.xml
facemask-dataset/images/maksssksksss158.png,facemask-dataset/annotations/maksssksksss158.xml
facemask-dataset/images/maksssksksss49.png,facemask-dataset/annotations/maksssksksss49.xml
facemask-dataset/images/maksssksksss744.png,facemask-dataset/annotations/maksssksksss744.xml
facemask-dataset/images/maksssksksss411.png,facemask-dataset/annotations/maksssksksss411.xml
facemask-dataset/images/maksssksksss780.png,facemask-dataset/annotations/maksssksksss780.xml
facemask-dataset/images/maksssksksss222.png,facemask-dataset/annotations/maksssksksss222.xml
facemask-dataset/images/maksssksksss291.png,facemask-dataset/annotations/maksssksksss291.xml
facemask-dataset/images/maksssksksss720.png,facemask-dataset/annotations/maksssksksss720.xml
facemask-dataset/images/maksssksksss724.png,facemask-dataset/annotations/maksssksksss724.xml
facemask-dataset/images/maksssksksss708.png,facemask-dataset/annotations/maksssksksss708.xml
facemask-dataset/images/maksssksksss329.png,facemask-dataset/annotations/maksssksksss329.xml
facemask-dataset/images/maksssksksss548.png,facemask-dataset/annotations/maksssksksss548.xml
facemask-dataset/images/maksssksksss697.png,facemask-dataset/annotations/maksssksksss697.xml
facemask-dataset/images/maksssksksss629.png,facemask-dataset/annotations/maksssksksss629.xml
facemask-dataset/images/maksssksksss324.png,facemask-dataset/annotations/maksssksksss324.xml
facemask-dataset/images/maksssksksss601.png,facemask-dataset/annotations/maksssksksss601.xml
facemask-dataset/images/maksssksksss591.png,facemask-dataset/annotations/maksssksksss591.xml
facemask-dataset/images/maksssksksss184.png,facemask-dataset/annotations/maksssksksss184.xml
facemask-dataset/images/maksssksksss737.png,facemask-dataset/annotations/maksssksksss737.xml
facemask-dataset/images/maksssksksss846.png,facemask-dataset/annotations/maksssksksss846.xml
facemask-dataset/images/maksssksksss690.png,facemask-dataset/annotations/maksssksksss690.xml
facemask-dataset/images/maksssksksss375.png,facemask-dataset/annotations/maksssksksss375.xml
facemask-dataset/images/maksssksksss171.png,facemask-dataset/annotations/maksssksksss171.xml
facemask-dataset/images/maksssksksss39.png,facemask-dataset/annotations/maksssksksss39.xml
facemask-dataset/images/maksssksksss493.png,facemask-dataset/annotations/maksssksksss493.xml
facemask-dataset/images/maksssksksss334.png,facemask-dataset/annotations/maksssksksss334.xml
facemask-dataset/images/maksssksksss161.png,facemask-dataset/annotations/maksssksksss161.xml
facemask-dataset/images/maksssksksss183.png,facemask-dataset/annotations/maksssksksss183.xml
facemask-dataset/images/maksssksksss108.png,facemask-dataset/annotations/maksssksksss108.xml
facemask-dataset/images/maksssksksss154.png,facemask-dataset/annotations/maksssksksss154.xml
facemask-dataset/images/maksssksksss480.png,facemask-dataset/annotations/maksssksksss480.xml
facemask-dataset/images/maksssksksss797.png,facemask-dataset/annotations/maksssksksss797.xml
facemask-dataset/images/maksssksksss581.png,facemask-dataset/annotations/maksssksksss581.xml
facemask-dataset/images/maksssksksss582.png,facemask-dataset/annotations/maksssksksss582.xml
facemask-dataset/images/maksssksksss522.png,facemask-dataset/annotations/maksssksksss522.xml
facemask-dataset/images/maksssksksss704.png,facemask-dataset/annotations/maksssksksss704.xml
facemask-dataset/images/maksssksksss456.png,facemask-dataset/annotations/maksssksksss456.xml
facemask-dataset/images/maksssksksss796.png,facemask-dataset/annotations/maksssksksss796.xml
facemask-dataset/images/maksssksksss81.png,facemask-dataset/annotations/maksssksksss81.xml
facemask-dataset/images/maksssksksss131.png,facemask-dataset/annotations/maksssksksss131.xml
facemask-dataset/images/maksssksksss107.png,facemask-dataset/annotations/maksssksksss107.xml
facemask-dataset/images/maksssksksss354.png,facemask-dataset/annotations/maksssksksss354.xml
facemask-dataset/images/maksssksksss348.png,facemask-dataset/annotations/maksssksksss348.xml
facemask-dataset/images/maksssksksss695.png,facemask-dataset/annotations/maksssksksss695.xml
facemask-dataset/images/maksssksksss730.png,facemask-dataset/annotations/maksssksksss730.xml
facemask-dataset/images/maksssksksss535.png,facemask-dataset/annotations/maksssksksss535.xml
facemask-dataset/images/maksssksksss187.png,facemask-dataset/annotations/maksssksksss187.xml
facemask-dataset/images/maksssksksss343.png,facemask-dataset/annotations/maksssksksss343.xml
facemask-dataset/images/maksssksksss781.png,facemask-dataset/annotations/maksssksksss781.xml
facemask-dataset/images/maksssksksss702.png,facemask-dataset/annotations/maksssksksss702.xml
facemask-dataset/images/maksssksksss406.png,facemask-dataset/annotations/maksssksksss406.xml
facemask-dataset/images/maksssksksss515.png,facemask-dataset/annotations/maksssksksss515.xml
facemask-dataset/images/maksssksksss274.png,facemask-dataset/annotations/maksssksksss274.xml
facemask-dataset/images/maksssksksss63.png,facemask-dataset/annotations/maksssksksss63.xml
facemask-dataset/images/maksssksksss289.png,facemask-dataset/annotations/maksssksksss289.xml
facemask-dataset/images/maksssksksss356.png,facemask-dataset/annotations/maksssksksss356.xml
facemask-dataset/images/maksssksksss466.png,facemask-dataset/annotations/maksssksksss466.xml
facemask-dataset/images/maksssksksss252.png,facemask-dataset/annotations/maksssksksss252.xml
facemask-dataset/images/maksssksksss508.png,facemask-dataset/annotations/maksssksksss508.xml
facemask-dataset/images/maksssksksss485.png,facemask-dataset/annotations/maksssksksss485.xml
facemask-dataset/images/maksssksksss220.png,facemask-dataset/annotations/maksssksksss220.xml
facemask-dataset/images/maksssksksss437.png,facemask-dataset/annotations/maksssksksss437.xml
facemask-dataset/images/maksssksksss599.png,facemask-dataset/annotations/maksssksksss599.xml
facemask-dataset/images/maksssksksss141.png,facemask-dataset/annotations/maksssksksss141.xml
facemask-dataset/images/maksssksksss676.png,facemask-dataset/annotations/maksssksksss676.xml
facemask-dataset/images/maksssksksss225.png,facemask-dataset/annotations/maksssksksss225.xml
facemask-dataset/images/maksssksksss610.png,facemask-dataset/annotations/maksssksksss610.xml
facemask-dataset/images/maksssksksss113.png,facemask-dataset/annotations/maksssksksss113.xml
facemask-dataset/images/maksssksksss27.png,facemask-dataset/annotations/maksssksksss27.xml
facemask-dataset/images/maksssksksss772.png,facemask-dataset/annotations/maksssksksss772.xml
facemask-dataset/images/maksssksksss344.png,facemask-dataset/annotations/maksssksksss344.xml
facemask-dataset/images/maksssksksss533.png,facemask-dataset/annotations/maksssksksss533.xml
facemask-dataset/images/maksssksksss836.png,facemask-dataset/annotations/maksssksksss836.xml
facemask-dataset/images/maksssksksss401.png,facemask-dataset/annotations/maksssksksss401.xml
facemask-dataset/images/maksssksksss691.png,facemask-dataset/annotations/maksssksksss691.xml
facemask-dataset/images/maksssksksss212.png,facemask-dataset/annotations/maksssksksss212.xml
facemask-dataset/images/maksssksksss110.png,facemask-dataset/annotations/maksssksksss110.xml
facemask-dataset/images/maksssksksss837.png,facemask-dataset/annotations/maksssksksss837.xml
facemask-dataset/images/maksssksksss256.png,facemask-dataset/annotations/maksssksksss256.xml
facemask-dataset/images/maksssksksss47.png,facemask-dataset/annotations/maksssksksss47.xml
facemask-dataset/images/maksssksksss126.png,facemask-dataset/annotations/maksssksksss126.xml
facemask-dataset/images/maksssksksss505.png,facemask-dataset/annotations/maksssksksss505.xml
facemask-dataset/images/maksssksksss162.png,facemask-dataset/annotations/maksssksksss162.xml
facemask-dataset/images/maksssksksss748.png,facemask-dataset/annotations/maksssksksss748.xml
facemask-dataset/images/maksssksksss759.png,facemask-dataset/annotations/maksssksksss759.xml
facemask-dataset/images/maksssksksss818.png,facemask-dataset/annotations/maksssksksss818.xml
facemask-dataset/images/maksssksksss412.png,facemask-dataset/annotations/maksssksksss412.xml
facemask-dataset/images/maksssksksss512.png,facemask-dataset/annotations/maksssksksss512.xml
facemask-dataset/images/maksssksksss200.png,facemask-dataset/annotations/maksssksksss200.xml
facemask-dataset/images/maksssksksss576.png,facemask-dataset/annotations/maksssksksss576.xml
facemask-dataset/images/maksssksksss136.png,facemask-dataset/annotations/maksssksksss136.xml
facemask-dataset/images/maksssksksss224.png,facemask-dataset/annotations/maksssksksss224.xml
facemask-dataset/images/maksssksksss803.png,facemask-dataset/annotations/maksssksksss803.xml
facemask-dataset/images/maksssksksss498.png,facemask-dataset/annotations/maksssksksss498.xml
facemask-dataset/images/maksssksksss692.png,facemask-dataset/annotations/maksssksksss692.xml
facemask-dataset/images/maksssksksss706.png,facemask-dataset/annotations/maksssksksss706.xml
facemask-dataset/images/maksssksksss59.png,facemask-dataset/annotations/maksssksksss59.xml
facemask-dataset/images/maksssksksss197.png,facemask-dataset/annotations/maksssksksss197.xml
facemask-dataset/images/maksssksksss786.png,facemask-dataset/annotations/maksssksksss786.xml
facemask-dataset/images/maksssksksss845.png,facemask-dataset/annotations/maksssksksss845.xml
facemask-dataset/images/maksssksksss802.png,facemask-dataset/annotations/maksssksksss802.xml
facemask-dataset/images/maksssksksss630.png,facemask-dataset/annotations/maksssksksss630.xml
facemask-dataset/images/maksssksksss337.png,facemask-dataset/annotations/maksssksksss337.xml
facemask-dataset/images/maksssksksss323.png,facemask-dataset/annotations/maksssksksss323.xml
facemask-dataset/images/maksssksksss680.png,facemask-dataset/annotations/maksssksksss680.xml
facemask-dataset/images/maksssksksss584.png,facemask-dataset/annotations/maksssksksss584.xml
facemask-dataset/images/maksssksksss722.png,facemask-dataset/annotations/maksssksksss722.xml
facemask-dataset/images/maksssksksss315.png,facemask-dataset/annotations/maksssksksss315.xml
facemask-dataset/images/maksssksksss378.png,facemask-dataset/annotations/maksssksksss378.xml
facemask-dataset/images/maksssksksss494.png,facemask-dataset/annotations/maksssksksss494.xml
facemask-dataset/images/maksssksksss842.png,facemask-dataset/annotations/maksssksksss842.xml
facemask-dataset/images/maksssksksss757.png,facemask-dataset/annotations/maksssksksss757.xml
facemask-dataset/images/maksssksksss218.png,facemask-dataset/annotations/maksssksksss218.xml
facemask-dataset/images/maksssksksss273.png,facemask-dataset/annotations/maksssksksss273.xml
facemask-dataset/images/maksssksksss814.png,facemask-dataset/annotations/maksssksksss814.xml
facemask-dataset/images/maksssksksss850.png,facemask-dataset/annotations/maksssksksss850.xml
facemask-dataset/images/maksssksksss195.png,facemask-dataset/annotations/maksssksksss195.xml
facemask-dataset/images/maksssksksss686.png,facemask-dataset/annotations/maksssksksss686.xml
facemask-dataset/images/maksssksksss775.png,facemask-dataset/annotations/maksssksksss775.xml
facemask-dataset/images/maksssksksss261.png,facemask-dataset/annotations/maksssksksss261.xml
facemask-dataset/images/maksssksksss653.png,facemask-dataset/annotations/maksssksksss653.xml
facemask-dataset/images/maksssksksss88.png,facemask-dataset/annotations/maksssksksss88.xml
facemask-dataset/images/maksssksksss215.png,facemask-dataset/annotations/maksssksksss215.xml
facemask-dataset/images/maksssksksss649.png,facemask-dataset/annotations/maksssksksss649.xml
facemask-dataset/images/maksssksksss446.png,facemask-dataset/annotations/maksssksksss446.xml
facemask-dataset/images/maksssksksss12.png,facemask-dataset/annotations/maksssksksss12.xml
facemask-dataset/images/maksssksksss461.png,facemask-dataset/annotations/maksssksksss461.xml
facemask-dataset/images/maksssksksss309.png,facemask-dataset/annotations/maksssksksss309.xml
facemask-dataset/images/maksssksksss262.png,facemask-dataset/annotations/maksssksksss262.xml
facemask-dataset/images/maksssksksss177.png,facemask-dataset/annotations/maksssksksss177.xml
facemask-dataset/images/maksssksksss181.png,facemask-dataset/annotations/maksssksksss181.xml
facemask-dataset/images/maksssksksss312.png,facemask-dataset/annotations/maksssksksss312.xml
facemask-dataset/images/maksssksksss422.png,facemask-dataset/annotations/maksssksksss422.xml
facemask-dataset/images/maksssksksss677.png,facemask-dataset/annotations/maksssksksss677.xml
facemask-dataset/images/maksssksksss670.png,facemask-dataset/annotations/maksssksksss670.xml
facemask-dataset/images/maksssksksss352.png,facemask-dataset/annotations/maksssksksss352.xml
facemask-dataset/images/maksssksksss502.png,facemask-dataset/annotations/maksssksksss502.xml
facemask-dataset/images/maksssksksss607.png,facemask-dataset/annotations/maksssksksss607.xml
facemask-dataset/images/maksssksksss674.png,facemask-dataset/annotations/maksssksksss674.xml
facemask-dataset/images/maksssksksss213.png,facemask-dataset/annotations/maksssksksss213.xml
facemask-dataset/images/maksssksksss290.png,facemask-dataset/annotations/maksssksksss290.xml
facemask-dataset/images/maksssksksss606.png,facemask-dataset/annotations/maksssksksss606.xml
facemask-dataset/images/maksssksksss801.png,facemask-dataset/annotations/maksssksksss801.xml
facemask-dataset/images/maksssksksss236.png,facemask-dataset/annotations/maksssksksss236.xml
facemask-dataset/images/maksssksksss506.png,facemask-dataset/annotations/maksssksksss506.xml
facemask-dataset/images/maksssksksss712.png,facemask-dataset/annotations/maksssksksss712.xml
facemask-dataset/images/maksssksksss322.png,facemask-dataset/annotations/maksssksksss322.xml
facemask-dataset/images/maksssksksss66.png,facemask-dataset/annotations/maksssksksss66.xml
facemask-dataset/images/maksssksksss738.png,facemask-dataset/annotations/maksssksksss738.xml
facemask-dataset/images/maksssksksss465.png,facemask-dataset/annotations/maksssksksss465.xml
facemask-dataset/images/maksssksksss3.png,facemask-dataset/annotations/maksssksksss3.xml
facemask-dataset/images/maksssksksss76.png,facemask-dataset/annotations/maksssksksss76.xml
facemask-dataset/images/maksssksksss733.png,facemask-dataset/annotations/maksssksksss733.xml
facemask-dataset/images/maksssksksss805.png,facemask-dataset/annotations/maksssksksss805.xml
facemask-dataset/images/maksssksksss303.png,facemask-dataset/annotations/maksssksksss303.xml
facemask-dataset/images/maksssksksss362.png,facemask-dataset/annotations/maksssksksss362.xml
facemask-dataset/images/maksssksksss504.png,facemask-dataset/annotations/maksssksksss504.xml
facemask-dataset/images/maksssksksss249.png,facemask-dataset/annotations/maksssksksss249.xml
facemask-dataset/images/maksssksksss179.png,facemask-dataset/annotations/maksssksksss179.xml
facemask-dataset/images/maksssksksss146.png,facemask-dataset/annotations/maksssksksss146.xml
facemask-dataset/images/maksssksksss776.png,facemask-dataset/annotations/maksssksksss776.xml
facemask-dataset/images/maksssksksss371.png,facemask-dataset/annotations/maksssksksss371.xml
facemask-dataset/images/maksssksksss263.png,facemask-dataset/annotations/maksssksksss263.xml
facemask-dataset/images/maksssksksss596.png,facemask-dataset/annotations/maksssksksss596.xml
facemask-dataset/images/maksssksksss83.png,facemask-dataset/annotations/maksssksksss83.xml
facemask-dataset/images/maksssksksss495.png,facemask-dataset/annotations/maksssksksss495.xml
facemask-dataset/images/maksssksksss585.png,facemask-dataset/annotations/maksssksksss585.xml
facemask-dataset/images/maksssksksss752.png,facemask-dataset/annotations/maksssksksss752.xml
facemask-dataset/images/maksssksksss792.png,facemask-dataset/annotations/maksssksksss792.xml
facemask-dataset/images/maksssksksss467.png,facemask-dataset/annotations/maksssksksss467.xml
facemask-dataset/images/maksssksksss92.png,facemask-dataset/annotations/maksssksksss92.xml
facemask-dataset/images/maksssksksss34.png,facemask-dataset/annotations/maksssksksss34.xml
facemask-dataset/images/maksssksksss284.png,facemask-dataset/annotations/maksssksksss284.xml
facemask-dataset/images/maksssksksss648.png,facemask-dataset/annotations/maksssksksss648.xml
facemask-dataset/images/maksssksksss150.png,facemask-dataset/annotations/maksssksksss150.xml
facemask-dataset/images/maksssksksss89.png,facemask-dataset/annotations/maksssksksss89.xml
facemask-dataset/images/maksssksksss357.png,facemask-dataset/annotations/maksssksksss357.xml
facemask-dataset/images/maksssksksss414.png,facemask-dataset/annotations/maksssksksss414.xml
facemask-dataset/images/maksssksksss813.png,facemask-dataset/annotations/maksssksksss813.xml
facemask-dataset/images/maksssksksss191.png,facemask-dataset/annotations/maksssksksss191.xml
facemask-dataset/images/maksssksksss281.png,facemask-dataset/annotations/maksssksksss281.xml
facemask-dataset/images/maksssksksss240.png,facemask-dataset/annotations/maksssksksss240.xml
facemask-dataset/images/maksssksksss550.png,facemask-dataset/annotations/maksssksksss550.xml
facemask-dataset/images/maksssksksss71.png,facemask-dataset/annotations/maksssksksss71.xml
facemask-dataset/images/maksssksksss628.png,facemask-dataset/annotations/maksssksksss628.xml
facemask-dataset/images/maksssksksss579.png,facemask-dataset/annotations/maksssksksss579.xml
facemask-dataset/images/maksssksksss114.png,facemask-dataset/annotations/maksssksksss114.xml
facemask-dataset/images/maksssksksss683.png,facemask-dataset/annotations/maksssksksss683.xml
facemask-dataset/images/maksssksksss423.png,facemask-dataset/annotations/maksssksksss423.xml
facemask-dataset/images/maksssksksss278.png,facemask-dataset/annotations/maksssksksss278.xml
facemask-dataset/images/maksssksksss714.png,facemask-dataset/annotations/maksssksksss714.xml
facemask-dataset/images/maksssksksss735.png,facemask-dataset/annotations/maksssksksss735.xml
facemask-dataset/images/maksssksksss9.png,facemask-dataset/annotations/maksssksksss9.xml
facemask-dataset/images/maksssksksss436.png,facemask-dataset/annotations/maksssksksss436.xml
facemask-dataset/images/maksssksksss675.png,facemask-dataset/annotations/maksssksksss675.xml
facemask-dataset/images/maksssksksss700.png,facemask-dataset/annotations/maksssksksss700.xml
facemask-dataset/images/maksssksksss612.png,facemask-dataset/annotations/maksssksksss612.xml
facemask-dataset/images/maksssksksss62.png,facemask-dataset/annotations/maksssksksss62.xml
facemask-dataset/images/maksssksksss615.png,facemask-dataset/annotations/maksssksksss615.xml
facemask-dataset/images/maksssksksss566.png,facemask-dataset/annotations/maksssksksss566.xml
facemask-dataset/images/maksssksksss832.png,facemask-dataset/annotations/maksssksksss832.xml
facemask-dataset/images/maksssksksss398.png,facemask-dataset/annotations/maksssksksss398.xml
facemask-dataset/images/maksssksksss827.png,facemask-dataset/annotations/maksssksksss827.xml
facemask-dataset/images/maksssksksss204.png,facemask-dataset/annotations/maksssksksss204.xml
facemask-dataset/images/maksssksksss361.png,facemask-dataset/annotations/maksssksksss361.xml
facemask-dataset/images/maksssksksss164.png,facemask-dataset/annotations/maksssksksss164.xml
facemask-dataset/images/maksssksksss503.png,facemask-dataset/annotations/maksssksksss503.xml
facemask-dataset/images/maksssksksss331.png,facemask-dataset/annotations/maksssksksss331.xml
facemask-dataset/images/maksssksksss754.png,facemask-dataset/annotations/maksssksksss754.xml
facemask-dataset/images/maksssksksss16.png,facemask-dataset/annotations/maksssksksss16.xml
facemask-dataset/images/maksssksksss483.png,facemask-dataset/annotations/maksssksksss483.xml
facemask-dataset/images/maksssksksss486.png,facemask-dataset/annotations/maksssksksss486.xml
facemask-dataset/images/maksssksksss73.png,facemask-dataset/annotations/maksssksksss73.xml
facemask-dataset/images/maksssksksss790.png,facemask-dataset/annotations/maksssksksss790.xml
facemask-dataset/images/maksssksksss793.png,facemask-dataset/annotations/maksssksksss793.xml
facemask-dataset/images/maksssksksss94.png,facemask-dataset/annotations/maksssksksss94.xml
facemask-dataset/images/maksssksksss264.png,facemask-dataset/annotations/maksssksksss264.xml
facemask-dataset/images/maksssksksss194.png,facemask-dataset/annotations/maksssksksss194.xml
facemask-dataset/images/maksssksksss325.png,facemask-dataset/annotations/maksssksksss325.xml
facemask-dataset/images/maksssksksss620.png,facemask-dataset/annotations/maksssksksss620.xml
facemask-dataset/images/maksssksksss839.png,facemask-dataset/annotations/maksssksksss839.xml
facemask-dataset/images/maksssksksss61.png,facemask-dataset/annotations/maksssksksss61.xml
facemask-dataset/images/maksssksksss56.png,facemask-dataset/annotations/maksssksksss56.xml
facemask-dataset/images/maksssksksss668.png,facemask-dataset/annotations/maksssksksss668.xml
facemask-dataset/images/maksssksksss681.png,facemask-dataset/annotations/maksssksksss681.xml
facemask-dataset/images/maksssksksss75.png,facemask-dataset/annotations/maksssksksss75.xml
facemask-dataset/images/maksssksksss511.png,facemask-dataset/annotations/maksssksksss511.xml
facemask-dataset/images/maksssksksss578.png,facemask-dataset/annotations/maksssksksss578.xml
facemask-dataset/images/maksssksksss70.png,facemask-dataset/annotations/maksssksksss70.xml
facemask-dataset/images/maksssksksss272.png,facemask-dataset/annotations/maksssksksss272.xml
facemask-dataset/images/maksssksksss202.png,facemask-dataset/annotations/maksssksksss202.xml
facemask-dataset/images/maksssksksss257.png,facemask-dataset/annotations/maksssksksss257.xml
facemask-dataset/images/maksssksksss277.png,facemask-dataset/annotations/maksssksksss277.xml
facemask-dataset/images/maksssksksss478.png,facemask-dataset/annotations/maksssksksss478.xml
facemask-dataset/images/maksssksksss52.png,facemask-dataset/annotations/maksssksksss52.xml
facemask-dataset/images/maksssksksss175.png,facemask-dataset/annotations/maksssksksss175.xml
facemask-dataset/images/maksssksksss310.png,facemask-dataset/annotations/maksssksksss310.xml
facemask-dataset/images/maksssksksss22.png,facemask-dataset/annotations/maksssksksss22.xml
facemask-dataset/images/maksssksksss685.png,facemask-dataset/annotations/maksssksksss685.xml
facemask-dataset/images/maksssksksss336.png,facemask-dataset/annotations/maksssksksss336.xml
facemask-dataset/images/maksssksksss118.png,facemask-dataset/annotations/maksssksksss118.xml
facemask-dataset/images/maksssksksss525.png,facemask-dataset/annotations/maksssksksss525.xml
facemask-dataset/images/maksssksksss19.png,facemask-dataset/annotations/maksssksksss19.xml
facemask-dataset/images/maksssksksss580.png,facemask-dataset/annotations/maksssksksss580.xml
facemask-dataset/images/maksssksksss345.png,facemask-dataset/annotations/maksssksksss345.xml
facemask-dataset/images/maksssksksss153.png,facemask-dataset/annotations/maksssksksss153.xml
facemask-dataset/images/maksssksksss455.png,facemask-dataset/annotations/maksssksksss455.xml
facemask-dataset/images/maksssksksss383.png,facemask-dataset/annotations/maksssksksss383.xml
facemask-dataset/images/maksssksksss760.png,facemask-dataset/annotations/maksssksksss760.xml
facemask-dataset/images/maksssksksss147.png,facemask-dataset/annotations/maksssksksss147.xml
facemask-dataset/images/maksssksksss443.png,facemask-dataset/annotations/maksssksksss443.xml
facemask-dataset/images/maksssksksss35.png,facemask-dataset/annotations/maksssksksss35.xml
facemask-dataset/images/maksssksksss300.png,facemask-dataset/annotations/maksssksksss300.xml
facemask-dataset/images/maksssksksss567.png,facemask-dataset/annotations/maksssksksss567.xml
facemask-dataset/images/maksssksksss609.png,facemask-dataset/annotations/maksssksksss609.xml
facemask-dataset/images/maksssksksss543.png,facemask-dataset/annotations/maksssksksss543.xml
facemask-dataset/images/maksssksksss575.png,facemask-dataset/annotations/maksssksksss575.xml
facemask-dataset/images/maksssksksss365.png,facemask-dataset/annotations/maksssksksss365.xml
facemask-dataset/images/maksssksksss524.png,facemask-dataset/annotations/maksssksksss524.xml
facemask-dataset/images/maksssksksss292.png,facemask-dataset/annotations/maksssksksss292.xml
facemask-dataset/images/maksssksksss143.png,facemask-dataset/annotations/maksssksksss143.xml
facemask-dataset/images/maksssksksss602.png,facemask-dataset/annotations/maksssksksss602.xml
facemask-dataset/images/maksssksksss541.png,facemask-dataset/annotations/maksssksksss541.xml
facemask-dataset/images/maksssksksss206.png,facemask-dataset/annotations/maksssksksss206.xml
facemask-dataset/images/maksssksksss100.png,facemask-dataset/annotations/maksssksksss100.xml
facemask-dataset/images/maksssksksss617.png,facemask-dataset/annotations/maksssksksss617.xml
facemask-dataset/images/maksssksksss509.png,facemask-dataset/annotations/maksssksksss509.xml
facemask-dataset/images/maksssksksss823.png,facemask-dataset/annotations/maksssksksss823.xml
facemask-dataset/images/maksssksksss384.png,facemask-dataset/annotations/maksssksksss384.xml
facemask-dataset/images/maksssksksss556.png,facemask-dataset/annotations/maksssksksss556.xml
facemask-dataset/images/maksssksksss271.png,facemask-dataset/annotations/maksssksksss271.xml
facemask-dataset/images/maksssksksss421.png,facemask-dataset/annotations/maksssksksss421.xml
facemask-dataset/images/maksssksksss811.png,facemask-dataset/annotations/maksssksksss811.xml
facemask-dataset/images/maksssksksss95.png,facemask-dataset/annotations/maksssksksss95.xml
facemask-dataset/images/maksssksksss492.png,facemask-dataset/annotations/maksssksksss492.xml
facemask-dataset/images/maksssksksss673.png,facemask-dataset/annotations/maksssksksss673.xml
facemask-dataset/images/maksssksksss528.png,facemask-dataset/annotations/maksssksksss528.xml
facemask-dataset/images/maksssksksss268.png,facemask-dataset/annotations/maksssksksss268.xml
facemask-dataset/images/maksssksksss743.png,facemask-dataset/annotations/maksssksksss743.xml
facemask-dataset/images/maksssksksss79.png,facemask-dataset/annotations/maksssksksss79.xml
facemask-dataset/images/maksssksksss418.png,facemask-dataset/annotations/maksssksksss418.xml
facemask-dataset/images/maksssksksss53.png,facemask-dataset/annotations/maksssksksss53.xml
facemask-dataset/images/maksssksksss396.png,facemask-dataset/annotations/maksssksksss396.xml
facemask-dataset/images/maksssksksss623.png,facemask-dataset/annotations/maksssksksss623.xml
facemask-dataset/images/maksssksksss605.png,facemask-dataset/annotations/maksssksksss605.xml
facemask-dataset/images/maksssksksss186.png,facemask-dataset/annotations/maksssksksss186.xml
facemask-dataset/images/maksssksksss305.png,facemask-dataset/annotations/maksssksksss305.xml
facemask-dataset/images/maksssksksss459.png,facemask-dataset/annotations/maksssksksss459.xml
facemask-dataset/images/maksssksksss333.png,facemask-dataset/annotations/maksssksksss333.xml
facemask-dataset/images/maksssksksss551.png,facemask-dataset/annotations/maksssksksss551.xml
facemask-dataset/images/maksssksksss137.png,facemask-dataset/annotations/maksssksksss137.xml
facemask-dataset/images/maksssksksss267.png,facemask-dataset/annotations/maksssksksss267.xml
facemask-dataset/images/maksssksksss840.png,facemask-dataset/annotations/maksssksksss840.xml
facemask-dataset/images/maksssksksss632.png,facemask-dataset/annotations/maksssksksss632.xml
facemask-dataset/images/maksssksksss180.png,facemask-dataset/annotations/maksssksksss180.xml
facemask-dataset/images/maksssksksss415.png,facemask-dataset/annotations/maksssksksss415.xml
facemask-dataset/images/maksssksksss8.png,facemask-dataset/annotations/maksssksksss8.xml
facemask-dataset/images/maksssksksss112.png,facemask-dataset/annotations/maksssksksss112.xml
facemask-dataset/images/maksssksksss835.png,facemask-dataset/annotations/maksssksksss835.xml
facemask-dataset/images/maksssksksss651.png,facemask-dataset/annotations/maksssksksss651.xml
facemask-dataset/images/maksssksksss662.png,facemask-dataset/annotations/maksssksksss662.xml
facemask-dataset/images/maksssksksss163.png,facemask-dataset/annotations/maksssksksss163.xml
facemask-dataset/images/maksssksksss727.png,facemask-dataset/annotations/maksssksksss727.xml
facemask-dataset/images/maksssksksss608.png,facemask-dataset/annotations/maksssksksss608.xml
facemask-dataset/images/maksssksksss749.png,facemask-dataset/annotations/maksssksksss749.xml
facemask-dataset/images/maksssksksss766.png,facemask-dataset/annotations/maksssksksss766.xml
facemask-dataset/images/maksssksksss321.png,facemask-dataset/annotations/maksssksksss321.xml
facemask-dataset/images/maksssksksss469.png,facemask-dataset/annotations/maksssksksss469.xml
facemask-dataset/images/maksssksksss526.png,facemask-dataset/annotations/maksssksksss526.xml
facemask-dataset/images/maksssksksss230.png,facemask-dataset/annotations/maksssksksss230.xml
facemask-dataset/images/maksssksksss664.png,facemask-dataset/annotations/maksssksksss664.xml
facemask-dataset/images/maksssksksss216.png,facemask-dataset/annotations/maksssksksss216.xml
facemask-dataset/images/maksssksksss335.png,facemask-dataset/annotations/maksssksksss335.xml
facemask-dataset/images/maksssksksss705.png,facemask-dataset/annotations/maksssksksss705.xml
facemask-dataset/images/maksssksksss270.png,facemask-dataset/annotations/maksssksksss270.xml
facemask-dataset/images/maksssksksss338.png,facemask-dataset/annotations/maksssksksss338.xml
facemask-dataset/images/maksssksksss784.png,facemask-dataset/annotations/maksssksksss784.xml
facemask-dataset/images/maksssksksss693.png,facemask-dataset/annotations/maksssksksss693.xml
facemask-dataset/images/maksssksksss454.png,facemask-dataset/annotations/maksssksksss454.xml
facemask-dataset/images/maksssksksss387.png,facemask-dataset/annotations/maksssksksss387.xml
facemask-dataset/images/maksssksksss619.png,facemask-dataset/annotations/maksssksksss619.xml
facemask-dataset/images/maksssksksss121.png,facemask-dataset/annotations/maksssksksss121.xml
facemask-dataset/images/maksssksksss84.png,facemask-dataset/annotations/maksssksksss84.xml
facemask-dataset/images/maksssksksss624.png,facemask-dataset/annotations/maksssksksss624.xml
facemask-dataset/images/maksssksksss583.png,facemask-dataset/annotations/maksssksksss583.xml
facemask-dataset/images/maksssksksss841.png,facemask-dataset/annotations/maksssksksss841.xml
facemask-dataset/images/maksssksksss453.png,facemask-dataset/annotations/maksssksksss453.xml
facemask-dataset/images/maksssksksss442.png,facemask-dataset/annotations/maksssksksss442.xml
facemask-dataset/images/maksssksksss359.png,facemask-dataset/annotations/maksssksksss359.xml
facemask-dataset/images/maksssksksss350.png,facemask-dataset/annotations/maksssksksss350.xml
facemask-dataset/images/maksssksksss419.png,facemask-dataset/annotations/maksssksksss419.xml
facemask-dataset/images/maksssksksss157.png,facemask-dataset/annotations/maksssksksss157.xml
facemask-dataset/images/maksssksksss546.png,facemask-dataset/annotations/maksssksksss546.xml
facemask-dataset/images/maksssksksss408.png,facemask-dataset/annotations/maksssksksss408.xml
facemask-dataset/images/maksssksksss283.png,facemask-dataset/annotations/maksssksksss283.xml
facemask-dataset/images/maksssksksss487.png,facemask-dataset/annotations/maksssksksss487.xml
facemask-dataset/images/maksssksksss282.png,facemask-dataset/annotations/maksssksksss282.xml
facemask-dataset/images/maksssksksss341.png,facemask-dataset/annotations/maksssksksss341.xml
facemask-dataset/images/maksssksksss403.png,facemask-dataset/annotations/maksssksksss403.xml
facemask-dataset/images/maksssksksss199.png,facemask-dataset/annotations/maksssksksss199.xml
facemask-dataset/images/maksssksksss552.png,facemask-dataset/annotations/maksssksksss552.xml
facemask-dataset/images/maksssksksss614.png,facemask-dataset/annotations/maksssksksss614.xml
facemask-dataset/images/maksssksksss296.png,facemask-dataset/annotations/maksssksksss296.xml
facemask-dataset/images/maksssksksss450.png,facemask-dataset/annotations/maksssksksss450.xml
facemask-dataset/images/maksssksksss678.png,facemask-dataset/annotations/maksssksksss678.xml
facemask-dataset/images/maksssksksss431.png,facemask-dataset/annotations/maksssksksss431.xml
facemask-dataset/images/maksssksksss479.png,facemask-dataset/annotations/maksssksksss479.xml
facemask-dataset/images/maksssksksss457.png,facemask-dataset/annotations/maksssksksss457.xml
facemask-dataset/images/maksssksksss54.png,facemask-dataset/annotations/maksssksksss54.xml
facemask-dataset/images/maksssksksss258.png,facemask-dataset/annotations/maksssksksss258.xml
facemask-dataset/images/maksssksksss560.png,facemask-dataset/annotations/maksssksksss560.xml
facemask-dataset/images/maksssksksss650.png,facemask-dataset/annotations/maksssksksss650.xml
facemask-dataset/images/maksssksksss156.png,facemask-dataset/annotations/maksssksksss156.xml
facemask-dataset/images/maksssksksss572.png,facemask-dataset/annotations/maksssksksss572.xml
facemask-dataset/images/maksssksksss160.png,facemask-dataset/annotations/maksssksksss160.xml
facemask-dataset/images/maksssksksss389.png,facemask-dataset/annotations/maksssksksss389.xml
facemask-dataset/images/maksssksksss590.png,facemask-dataset/annotations/maksssksksss590.xml
facemask-dataset/images/maksssksksss373.png,facemask-dataset/annotations/maksssksksss373.xml
facemask-dataset/images/maksssksksss825.png,facemask-dataset/annotations/maksssksksss825.xml
facemask-dataset/images/maksssksksss208.png,facemask-dataset/annotations/maksssksksss208.xml
facemask-dataset/images/maksssksksss400.png,facemask-dataset/annotations/maksssksksss400.xml
facemask-dataset/images/maksssksksss140.png,facemask-dataset/annotations/maksssksksss140.xml
facemask-dataset/images/maksssksksss549.png,facemask-dataset/annotations/maksssksksss549.xml
facemask-dataset/images/maksssksksss364.png,facemask-dataset/annotations/maksssksksss364.xml
facemask-dataset/images/maksssksksss247.png,facemask-dataset/annotations/maksssksksss247.xml
facemask-dataset/images/maksssksksss819.png,facemask-dataset/annotations/maksssksksss819.xml
facemask-dataset/images/maksssksksss471.png,facemask-dataset/annotations/maksssksksss471.xml
facemask-dataset/images/maksssksksss523.png,facemask-dataset/annotations/maksssksksss523.xml
facemask-dataset/images/maksssksksss765.png,facemask-dataset/annotations/maksssksksss765.xml
facemask-dataset/images/maksssksksss10.png,facemask-dataset/annotations/maksssksksss10.xml
facemask-dataset/images/maksssksksss196.png,facemask-dataset/annotations/maksssksksss196.xml
facemask-dataset/images/maksssksksss519.png,facemask-dataset/annotations/maksssksksss519.xml
facemask-dataset/images/maksssksksss7.png,facemask-dataset/annotations/maksssksksss7.xml
facemask-dataset/images/maksssksksss340.png,facemask-dataset/annotations/maksssksksss340.xml
facemask-dataset/images/maksssksksss734.png,facemask-dataset/annotations/maksssksksss734.xml
facemask-dataset/images/maksssksksss788.png,facemask-dataset/annotations/maksssksksss788.xml
facemask-dataset/images/maksssksksss703.png,facemask-dataset/annotations/maksssksksss703.xml
facemask-dataset/images/maksssksksss250.png,facemask-dataset/annotations/maksssksksss250.xml
facemask-dataset/images/maksssksksss452.png,facemask-dataset/annotations/maksssksksss452.xml
facemask-dataset/images/maksssksksss558.png,facemask-dataset/annotations/maksssksksss558.xml
facemask-dataset/images/maksssksksss613.png,facemask-dataset/annotations/maksssksksss613.xml
facemask-dataset/images/maksssksksss127.png,facemask-dataset/annotations/maksssksksss127.xml
facemask-dataset/images/maksssksksss363.png,facemask-dataset/annotations/maksssksksss363.xml
facemask-dataset/images/maksssksksss133.png,facemask-dataset/annotations/maksssksksss133.xml
facemask-dataset/images/maksssksksss789.png,facemask-dataset/annotations/maksssksksss789.xml
facemask-dataset/images/maksssksksss93.png,facemask-dataset/annotations/maksssksksss93.xml
facemask-dataset/images/maksssksksss306.png,facemask-dataset/annotations/maksssksksss306.xml
facemask-dataset/images/maksssksksss43.png,facemask-dataset/annotations/maksssksksss43.xml
facemask-dataset/images/maksssksksss125.png,facemask-dataset/annotations/maksssksksss125.xml
facemask-dataset/images/maksssksksss382.png,facemask-dataset/annotations/maksssksksss382.xml
facemask-dataset/images/maksssksksss29.png,facemask-dataset/annotations/maksssksksss29.xml
facemask-dataset/images/maksssksksss182.png,facemask-dataset/annotations/maksssksksss182.xml
facemask-dataset/images/maksssksksss477.png,facemask-dataset/annotations/maksssksksss477.xml
facemask-dataset/images/maksssksksss444.png,facemask-dataset/annotations/maksssksksss444.xml
facemask-dataset/images/maksssksksss563.png,facemask-dataset/annotations/maksssksksss563.xml
facemask-dataset/images/maksssksksss527.png,facemask-dataset/annotations/maksssksksss527.xml
facemask-dataset/images/maksssksksss207.png,facemask-dataset/annotations/maksssksksss207.xml
facemask-dataset/images/maksssksksss299.png,facemask-dataset/annotations/maksssksksss299.xml
facemask-dataset/images/maksssksksss391.png,facemask-dataset/annotations/maksssksksss391.xml
facemask-dataset/images/maksssksksss475.png,facemask-dataset/annotations/maksssksksss475.xml
facemask-dataset/images/maksssksksss569.png,facemask-dataset/annotations/maksssksksss569.xml
facemask-dataset/images/maksssksksss513.png,facemask-dataset/annotations/maksssksksss513.xml
facemask-dataset/images/maksssksksss314.png,facemask-dataset/annotations/maksssksksss314.xml
facemask-dataset/images/maksssksksss15.png,facemask-dataset/annotations/maksssksksss15.xml
facemask-dataset/images/maksssksksss536.png,facemask-dataset/annotations/maksssksksss536.xml
facemask-dataset/images/maksssksksss521.png,facemask-dataset/annotations/maksssksksss521.xml
facemask-dataset/images/maksssksksss516.png,facemask-dataset/annotations/maksssksksss516.xml
facemask-dataset/images/maksssksksss119.png,facemask-dataset/annotations/maksssksksss119.xml
facemask-dataset/images/maksssksksss285.png,facemask-dataset/annotations/maksssksksss285.xml
facemask-dataset/images/maksssksksss132.png,facemask-dataset/annotations/maksssksksss132.xml
facemask-dataset/images/maksssksksss307.png,facemask-dataset/annotations/maksssksksss307.xml
facemask-dataset/images/maksssksksss367.png,facemask-dataset/annotations/maksssksksss367.xml
facemask-dataset/images/maksssksksss496.png,facemask-dataset/annotations/maksssksksss496.xml
facemask-dataset/images/maksssksksss778.png,facemask-dataset/annotations/maksssksksss778.xml
facemask-dataset/images/maksssksksss217.png,facemask-dataset/annotations/maksssksksss217.xml
facemask-dataset/images/maksssksksss392.png,facemask-dataset/annotations/maksssksksss392.xml
facemask-dataset/images/maksssksksss451.png,facemask-dataset/annotations/maksssksksss451.xml
facemask-dataset/images/maksssksksss640.png,facemask-dataset/annotations/maksssksksss640.xml
facemask-dataset/images/maksssksksss782.png,facemask-dataset/annotations/maksssksksss782.xml
facemask-dataset/images/maksssksksss286.png,facemask-dataset/annotations/maksssksksss286.xml
facemask-dataset/images/maksssksksss280.png,facemask-dataset/annotations/maksssksksss280.xml
facemask-dataset/images/maksssksksss728.png,facemask-dataset/annotations/maksssksksss728.xml
facemask-dataset/images/maksssksksss254.png,facemask-dataset/annotations/maksssksksss254.xml
facemask-dataset/images/maksssksksss339.png,facemask-dataset/annotations/maksssksksss339.xml
facemask-dataset/images/maksssksksss351.png,facemask-dataset/annotations/maksssksksss351.xml
facemask-dataset/images/maksssksksss826.png,facemask-dataset/annotations/maksssksksss826.xml
facemask-dataset/images/maksssksksss531.png,facemask-dataset/annotations/maksssksksss531.xml
facemask-dataset/images/maksssksksss652.png,facemask-dataset/annotations/maksssksksss652.xml
facemask-dataset/images/maksssksksss555.png,facemask-dataset/annotations/maksssksksss555.xml
facemask-dataset/images/maksssksksss64.png,facemask-dataset/annotations/maksssksksss64.xml
facemask-dataset/images/maksssksksss320.png,facemask-dataset/annotations/maksssksksss320.xml
facemask-dataset/images/maksssksksss717.png,facemask-dataset/annotations/maksssksksss717.xml
facemask-dataset/images/maksssksksss435.png,facemask-dataset/annotations/maksssksksss435.xml
facemask-dataset/images/maksssksksss806.png,facemask-dataset/annotations/maksssksksss806.xml
facemask-dataset/images/maksssksksss753.png,facemask-dataset/annotations/maksssksksss753.xml
facemask-dataset/images/maksssksksss228.png,facemask-dataset/annotations/maksssksksss228.xml
facemask-dataset/images/maksssksksss394.png,facemask-dataset/annotations/maksssksksss394.xml
facemask-dataset/images/maksssksksss231.png,facemask-dataset/annotations/maksssksksss231.xml
facemask-dataset/images/maksssksksss355.png,facemask-dataset/annotations/maksssksksss355.xml
facemask-dataset/images/maksssksksss721.png,facemask-dataset/annotations/maksssksksss721.xml
facemask-dataset/images/maksssksksss57.png,facemask-dataset/annotations/maksssksksss57.xml
facemask-dataset/images/maksssksksss13.png,facemask-dataset/annotations/maksssksksss13.xml
facemask-dataset/images/maksssksksss311.png,facemask-dataset/annotations/maksssksksss311.xml
facemask-dataset/images/maksssksksss725.png,facemask-dataset/annotations/maksssksksss725.xml
facemask-dataset/images/maksssksksss514.png,facemask-dataset/annotations/maksssksksss514.xml
facemask-dataset/images/maksssksksss149.png,facemask-dataset/annotations/maksssksksss149.xml
facemask-dataset/images/maksssksksss219.png,facemask-dataset/annotations/maksssksksss219.xml
facemask-dataset/images/maksssksksss253.png,facemask-dataset/annotations/maksssksksss253.xml
facemask-dataset/images/maksssksksss430.png,facemask-dataset/annotations/maksssksksss430.xml
facemask-dataset/images/maksssksksss593.png,facemask-dataset/annotations/maksssksksss593.xml
facemask-dataset/images/maksssksksss380.png,facemask-dataset/annotations/maksssksksss380.xml
facemask-dataset/images/maksssksksss833.png,facemask-dataset/annotations/maksssksksss833.xml
facemask-dataset/images/maksssksksss96.png,facemask-dataset/annotations/maksssksksss96.xml
facemask-dataset/images/maksssksksss123.png,facemask-dataset/annotations/maksssksksss123.xml
facemask-dataset/images/maksssksksss165.png,facemask-dataset/annotations/maksssksksss165.xml
facemask-dataset/images/maksssksksss176.png,facemask-dataset/annotations/maksssksksss176.xml
facemask-dataset/images/maksssksksss659.png,facemask-dataset/annotations/maksssksksss659.xml
facemask-dataset/images/maksssksksss58.png,facemask-dataset/annotations/maksssksksss58.xml
facemask-dataset/images/maksssksksss37.png,facemask-dataset/annotations/maksssksksss37.xml
facemask-dataset/images/maksssksksss327.png,facemask-dataset/annotations/maksssksksss327.xml
facemask-dataset/images/maksssksksss33.png,facemask-dataset/annotations/maksssksksss33.xml
facemask-dataset/images/maksssksksss751.png,facemask-dataset/annotations/maksssksksss751.xml
facemask-dataset/images/maksssksksss0.png,facemask-dataset/annotations/maksssksksss0.xml
facemask-dataset/images/maksssksksss17.png,facemask-dataset/annotations/maksssksksss17.xml
facemask-dataset/images/maksssksksss48.png,facemask-dataset/annotations/maksssksksss48.xml
facemask-dataset/images/maksssksksss293.png,facemask-dataset/annotations/maksssksksss293.xml
facemask-dataset/images/maksssksksss251.png,facemask-dataset/annotations/maksssksksss251.xml
facemask-dataset/images/maksssksksss439.png,facemask-dataset/annotations/maksssksksss439.xml
facemask-dataset/images/maksssksksss770.png,facemask-dataset/annotations/maksssksksss770.xml
facemask-dataset/images/maksssksksss830.png,facemask-dataset/annotations/maksssksksss830.xml
facemask-dataset/images/maksssksksss38.png,facemask-dataset/annotations/maksssksksss38.xml
facemask-dataset/images/maksssksksss275.png,facemask-dataset/annotations/maksssksksss275.xml
facemask-dataset/images/maksssksksss622.png,facemask-dataset/annotations/maksssksksss622.xml
facemask-dataset/images/maksssksksss166.png,facemask-dataset/annotations/maksssksksss166.xml
facemask-dataset/images/maksssksksss246.png,facemask-dataset/annotations/maksssksksss246.xml
facemask-dataset/images/maksssksksss507.png,facemask-dataset/annotations/maksssksksss507.xml
facemask-dataset/images/maksssksksss24.png,facemask-dataset/annotations/maksssksksss24.xml
facemask-dataset/images/maksssksksss510.png,facemask-dataset/annotations/maksssksksss510.xml
facemask-dataset/images/maksssksksss698.png,facemask-dataset/annotations/maksssksksss698.xml
facemask-dataset/images/maksssksksss577.png,facemask-dataset/annotations/maksssksksss577.xml
facemask-dataset/images/maksssksksss368.png,facemask-dataset/annotations/maksssksksss368.xml
facemask-dataset/images/maksssksksss537.png,facemask-dataset/annotations/maksssksksss537.xml
facemask-dataset/images/maksssksksss736.png,facemask-dataset/annotations/maksssksksss736.xml
facemask-dataset/images/maksssksksss377.png,facemask-dataset/annotations/maksssksksss377.xml
facemask-dataset/images/maksssksksss302.png,facemask-dataset/annotations/maksssksksss302.xml
facemask-dataset/images/maksssksksss449.png,facemask-dataset/annotations/maksssksksss449.xml
facemask-dataset/images/maksssksksss190.png,facemask-dataset/annotations/maksssksksss190.xml
facemask-dataset/images/maksssksksss538.png,facemask-dataset/annotations/maksssksksss538.xml
facemask-dataset/images/maksssksksss472.png,facemask-dataset/annotations/maksssksksss472.xml
facemask-dataset/images/maksssksksss144.png,facemask-dataset/annotations/maksssksksss144.xml
facemask-dataset/images/maksssksksss834.png,facemask-dataset/annotations/maksssksksss834.xml
facemask-dataset/images/maksssksksss397.png,facemask-dataset/annotations/maksssksksss397.xml
facemask-dataset/images/maksssksksss799.png,facemask-dataset/annotations/maksssksksss799.xml
facemask-dataset/images/maksssksksss319.png,facemask-dataset/annotations/maksssksksss319.xml
facemask-dataset/images/maksssksksss715.png,facemask-dataset/annotations/maksssksksss715.xml
facemask-dataset/images/maksssksksss14.png,facemask-dataset/annotations/maksssksksss14.xml
facemask-dataset/images/maksssksksss809.png,facemask-dataset/annotations/maksssksksss809.xml
facemask-dataset/images/maksssksksss718.png,facemask-dataset/annotations/maksssksksss718.xml
facemask-dataset/images/maksssksksss103.png,facemask-dataset/annotations/maksssksksss103.xml
facemask-dataset/images/maksssksksss2.png,facemask-dataset/annotations/maksssksksss2.xml
facemask-dataset/images/maksssksksss372.png,facemask-dataset/annotations/maksssksksss372.xml
facemask-dataset/images/maksssksksss821.png,facemask-dataset/annotations/maksssksksss821.xml
facemask-dataset/images/maksssksksss815.png,facemask-dataset/annotations/maksssksksss815.xml
facemask-dataset/images/maksssksksss532.png,facemask-dataset/annotations/maksssksksss532.xml
facemask-dataset/images/maksssksksss168.png,facemask-dataset/annotations/maksssksksss168.xml
facemask-dataset/images/maksssksksss491.png,facemask-dataset/annotations/maksssksksss491.xml
facemask-dataset/images/maksssksksss370.png,facemask-dataset/annotations/maksssksksss370.xml
facemask-dataset/images/maksssksksss85.png,facemask-dataset/annotations/maksssksksss85.xml
facemask-dataset/images/maksssksksss642.png,facemask-dataset/annotations/maksssksksss642.xml
facemask-dataset/images/maksssksksss745.png,facemask-dataset/annotations/maksssksksss745.xml
facemask-dataset/images/maksssksksss20.png,facemask-dataset/annotations/maksssksksss20.xml
facemask-dataset/images/maksssksksss638.png,facemask-dataset/annotations/maksssksksss638.xml
facemask-dataset/images/maksssksksss297.png,facemask-dataset/annotations/maksssksksss297.xml
facemask-dataset/images/maksssksksss28.png,facemask-dataset/annotations/maksssksksss28.xml
facemask-dataset/images/maksssksksss758.png,facemask-dataset/annotations/maksssksksss758.xml
facemask-dataset/images/maksssksksss25.png,facemask-dataset/annotations/maksssksksss25.xml
facemask-dataset/images/maksssksksss756.png,facemask-dataset/annotations/maksssksksss756.xml
facemask-dataset/images/maksssksksss99.png,facemask-dataset/annotations/maksssksksss99.xml
facemask-dataset/images/maksssksksss90.png,facemask-dataset/annotations/maksssksksss90.xml
facemask-dataset/images/maksssksksss124.png,facemask-dataset/annotations/maksssksksss124.xml
facemask-dataset/images/maksssksksss203.png,facemask-dataset/annotations/maksssksksss203.xml
facemask-dataset/images/maksssksksss586.png,facemask-dataset/annotations/maksssksksss586.xml
facemask-dataset/images/maksssksksss646.png,facemask-dataset/annotations/maksssksksss646.xml
facemask-dataset/images/maksssksksss405.png,facemask-dataset/annotations/maksssksksss405.xml
facemask-dataset/images/maksssksksss618.png,facemask-dataset/annotations/maksssksksss618.xml
facemask-dataset/images/maksssksksss594.png,facemask-dataset/annotations/maksssksksss594.xml
facemask-dataset/images/maksssksksss731.png,facemask-dataset/annotations/maksssksksss731.xml
facemask-dataset/images/maksssksksss604.png,facemask-dataset/annotations/maksssksksss604.xml
facemask-dataset/images/maksssksksss852.png,facemask-dataset/annotations/maksssksksss852.xml
facemask-dataset/images/maksssksksss239.png,facemask-dataset/annotations/maksssksksss239.xml
facemask-dataset/images/maksssksksss80.png,facemask-dataset/annotations/maksssksksss80.xml
facemask-dataset/images/maksssksksss366.png,facemask-dataset/annotations/maksssksksss366.xml
facemask-dataset/images/maksssksksss747.png,facemask-dataset/annotations/maksssksksss747.xml
facemask-dataset/images/maksssksksss223.png,facemask-dataset/annotations/maksssksksss223.xml
facemask-dataset/images/maksssksksss1.png,facemask-dataset/annotations/maksssksksss1.xml
facemask-dataset/images/maksssksksss767.png,facemask-dataset/annotations/maksssksksss767.xml
facemask-dataset/images/maksssksksss742.png,facemask-dataset/annotations/maksssksksss742.xml
facemask-dataset/images/maksssksksss313.png,facemask-dataset/annotations/maksssksksss313.xml
facemask-dataset/images/maksssksksss816.png,facemask-dataset/annotations/maksssksksss816.xml
facemask-dataset/images/maksssksksss399.png,facemask-dataset/annotations/maksssksksss399.xml
facemask-dataset/images/maksssksksss847.png,facemask-dataset/annotations/maksssksksss847.xml
facemask-dataset/images/maksssksksss626.png,facemask-dataset/annotations/maksssksksss626.xml
facemask-dataset/images/maksssksksss23.png,facemask-dataset/annotations/maksssksksss23.xml
facemask-dataset/images/maksssksksss174.png,facemask-dataset/annotations/maksssksksss174.xml
facemask-dataset/images/maksssksksss152.png,facemask-dataset/annotations/maksssksksss152.xml
facemask-dataset/images/maksssksksss172.png,facemask-dataset/annotations/maksssksksss172.xml
facemask-dataset/images/maksssksksss665.png,facemask-dataset/annotations/maksssksksss665.xml
facemask-dataset/images/maksssksksss116.png,facemask-dataset/annotations/maksssksksss116.xml
facemask-dataset/images/maksssksksss762.png,facemask-dataset/annotations/maksssksksss762.xml
facemask-dataset/images/maksssksksss470.png,facemask-dataset/annotations/maksssksksss470.xml
facemask-dataset/images/maksssksksss229.png,facemask-dataset/annotations/maksssksksss229.xml
facemask-dataset/images/maksssksksss374.png,facemask-dataset/annotations/maksssksksss374.xml
facemask-dataset/images/maksssksksss358.png,facemask-dataset/annotations/maksssksksss358.xml
facemask-dataset/images/maksssksksss732.png,facemask-dataset/annotations/maksssksksss732.xml
facemask-dataset/images/maksssksksss587.png,facemask-dataset/annotations/maksssksksss587.xml
facemask-dataset/images/maksssksksss474.png,facemask-dataset/annotations/maksssksksss474.xml
facemask-dataset/images/maksssksksss255.png,facemask-dataset/annotations/maksssksksss255.xml
facemask-dataset/images/maksssksksss696.png,facemask-dataset/annotations/maksssksksss696.xml
facemask-dataset/images/maksssksksss134.png,facemask-dataset/annotations/maksssksksss134.xml
facemask-dataset/images/maksssksksss159.png,facemask-dataset/annotations/maksssksksss159.xml
facemask-dataset/images/maksssksksss388.png,facemask-dataset/annotations/maksssksksss388.xml
facemask-dataset/images/maksssksksss684.png,facemask-dataset/annotations/maksssksksss684.xml
facemask-dataset/images/maksssksksss185.png,facemask-dataset/annotations/maksssksksss185.xml
facemask-dataset/images/maksssksksss562.png,facemask-dataset/annotations/maksssksksss562.xml
facemask-dataset/images/maksssksksss739.png,facemask-dataset/annotations/maksssksksss739.xml
facemask-dataset/images/maksssksksss694.png,facemask-dataset/annotations/maksssksksss694.xml
facemask-dataset/images/maksssksksss244.png,facemask-dataset/annotations/maksssksksss244.xml
facemask-dataset/images/maksssksksss390.png,facemask-dataset/annotations/maksssksksss390.xml
facemask-dataset/images/maksssksksss102.png,facemask-dataset/annotations/maksssksksss102.xml
facemask-dataset/images/maksssksksss260.png,facemask-dataset/annotations/maksssksksss260.xml
facemask-dataset/images/maksssksksss193.png,facemask-dataset/annotations/maksssksksss193.xml
facemask-dataset/images/maksssksksss86.png,facemask-dataset/annotations/maksssksksss86.xml
facemask-dataset/images/maksssksksss750.png,facemask-dataset/annotations/maksssksksss750.xml
facemask-dataset/images/maksssksksss701.png,facemask-dataset/annotations/maksssksksss701.xml
facemask-dataset/images/maksssksksss6.png,facemask-dataset/annotations/maksssksksss6.xml
facemask-dataset/images/maksssksksss783.png,facemask-dataset/annotations/maksssksksss783.xml
facemask-dataset/images/maksssksksss774.png,facemask-dataset/annotations/maksssksksss774.xml
facemask-dataset/images/maksssksksss409.png,facemask-dataset/annotations/maksssksksss409.xml
facemask-dataset/images/maksssksksss288.png,facemask-dataset/annotations/maksssksksss288.xml
facemask-dataset/images/maksssksksss822.png,facemask-dataset/annotations/maksssksksss822.xml
facemask-dataset/images/maksssksksss155.png,facemask-dataset/annotations/maksssksksss155.xml
facemask-dataset/images/maksssksksss564.png,facemask-dataset/annotations/maksssksksss564.xml
facemask-dataset/images/maksssksksss188.png,facemask-dataset/annotations/maksssksksss188.xml
facemask-dataset/images/maksssksksss192.png,facemask-dataset/annotations/maksssksksss192.xml
facemask-dataset/images/maksssksksss130.png,facemask-dataset/annotations/maksssksksss130.xml
facemask-dataset/images/maksssksksss768.png,facemask-dataset/annotations/maksssksksss768.xml
facemask-dataset/images/maksssksksss128.png,facemask-dataset/annotations/maksssksksss128.xml
facemask-dataset/images/maksssksksss151.png,facemask-dataset/annotations/maksssksksss151.xml
facemask-dataset/images/maksssksksss482.png,facemask-dataset/annotations/maksssksksss482.xml
facemask-dataset/images/maksssksksss711.png,facemask-dataset/annotations/maksssksksss711.xml
facemask-dataset/images/maksssksksss385.png,facemask-dataset/annotations/maksssksksss385.xml
facemask-dataset/images/maksssksksss603.png,facemask-dataset/annotations/maksssksksss603.xml
facemask-dataset/images/maksssksksss304.png,facemask-dataset/annotations/maksssksksss304.xml
facemask-dataset/images/maksssksksss170.png,facemask-dataset/annotations/maksssksksss170.xml
facemask-dataset/images/maksssksksss794.png,facemask-dataset/annotations/maksssksksss794.xml
facemask-dataset/images/maksssksksss647.png,facemask-dataset/annotations/maksssksksss647.xml
facemask-dataset/images/maksssksksss238.png,facemask-dataset/annotations/maksssksksss238.xml
facemask-dataset/images/maksssksksss707.png,facemask-dataset/annotations/maksssksksss707.xml
facemask-dataset/images/maksssksksss639.png,facemask-dataset/annotations/maksssksksss639.xml
